,location,code,PSGC,Municipality/City,Poverty
0,BANGUED,140101000,140101000.0,Bangued,10.3
1,BOLINEY,140102000,140102000.0,Boliney,18.8
2,BUCAY,140103000,140103000.0,Bucay,15.8
3,BUCLOC,140104000,140104000.0,Bucloc,21.0
4,DAGUIOMAN,140105000,140105000.0,Daguioman,30.3
5,DANGLAS,140106000,140106000.0,Danglas,21.4
6,DOLORES,140107000,140107000.0,Dolores,16.3
7,LA PAZ,140108000,140108000.0,La Paz,19.3
8,LACUB,140109000,140109000.0,Lacub,27.1
9,LAGANGILANG,140110000,140110000.0,Lagangilang,22.4
10,LAGAYAN,140111000,140111000.0,Lagayan,27.2
11,LANGIDEN,140112000,140112000.0,Langiden,17.4
12,LICUAN-BAAY,140113000,140113000.0,Licuan-Baay (Licuan),27.7
13,LICUAN-BAAY,140113000,140113000.0,Licuan-Baay (Licuan),27.7
14,LICUAN,140113000,140113000.0,Licuan-Baay (Licuan),27.7
15,LICUAN,140113000,140113000.0,Licuan-Baay (Licuan),27.7
16,LUBA,140114000,140114000.0,Luba,18.4
17,MALIBCONG,140115000,140115000.0,Malibcong,44.5
18,MANABO,140116000,140116000.0,Manabo,15.7
19,PEÑARRUBIA,140117000,140117000.0,Peñarrubia,18.3
20,PIDIGAN,140118000,140118000.0,Pidigan,14.8
21,PILAR,140119000,140119000.0,Pilar,18.3
22,SALLAPADAN,140120000,140120000.0,Sallapadan,15.3
23,SAN ISIDRO,140121000,140121000.0,San Isidro,17.2
24,SAN JUAN,140122000,140122000.0,San Juan,16.8
25,SAN QUINTIN,140123000,140123000.0,San Quintin,11.6
26,TAYUM,140124000,140124000.0,Tayum,15.5
27,TINEG,140125000,140125000.0,Tineg,35.8
28,TUBO,140126000,140126000.0,Tubo,30.5
29,VILLAVICIOSA,140127000,140127000.0,Villaviciosa,14.3
30,BUENAVISTA,160201000,160201000.0,Buenavista,31.8
31,BUTUAN,160202000,160202000.0,Butuan City,26.6
32,CABADBARAN,160203000,160203000.0,Cabadbaran City,26.8
33,CARMEN,160204000,160204000.0,Carmen,36.4
34,JABONGA,160205000,160205000.0,Jabonga,42.3
35,KITCHARAO,160206000,160206000.0,Kitcharao,30.7
36,LAS NIEVES,160207000,160207000.0,Las Nieves,46.2
37,MAGALLANES,160208000,160208000.0,Magallanes,30.8
38,NASIPIT,160209000,160209000.0,Nasipit,26.7
39,REMEDIOS T. ROMUALDEZ,160212000,160212000.0,Remedios T. Romualdez,34.0
40,SANTIAGO,160210000,160210000.0,Santiago,39.5
41,TUBAY,160211000,160211000.0,Tubay,38.3
42,BAYUGAN,160301000,160301000.0,Bayugan City,38.1
43,BUNAWAN,160302000,160302000.0,Bunawan,38.1
44,ESPERANZA,160303000,160303000.0,Esperanza,50.5
45,LA PAZ,160304000,160304000.0,La Paz,58.4
46,LORETO,160305000,160305000.0,Loreto,49.0
47,PROSPERIDAD,160306000,160306000.0,Prosperidad,40.3
48,ROSARIO,160307000,160307000.0,Rosario,43.0
49,SAN FRANCISCO,160308000,160308000.0,San Francisco,32.2
50,SAN LUIS,160309000,160309000.0,San Luis,49.6
51,SANTA JOSEFA,160310000,160310000.0,Santa Josefa,40.5
52,SIBAGAT,160314000,160314000.0,Sibagat,46.2
53,TALACOGON,160311000,160311000.0,Talacogon,42.6
54,TRENTO,160312000,160312000.0,Trento,36.1
55,VERUELA,160313000,160313000.0,Veruela,47.2
56,ALTAVAS,60401000,60401000.0,Altavas,19.5
57,BALETE,60402000,60402000.0,Balete,23.8
58,BANGA,60403000,60403000.0,Banga,18.1
59,BATAN,60404000,60404000.0,Batan,21.0
60,BURUANGA,60405000,60405000.0,Buruanga,24.4
61,IBAJAY,60406000,60406000.0,Ibajay,21.8
62,KALIBO,60407000,60407000.0,Kalibo,12.5
63,LEZO,60408000,60408000.0,Lezo,18.0
64,LIBACAO,60409000,60409000.0,Libacao,30.1
65,MADALAG,60410000,60410000.0,Madalag,28.8
66,MAKATO,60411000,60411000.0,Makato,20.1
67,MALAY,60412000,60412000.0,Malay,17.3
68,MALINAO,60413000,60413000.0,Malinao,22.2
69,NABAS,60414000,60414000.0,Nabas,25.1
70,NEW WASHINGTON,60415000,60415000.0,New Washington,17.4
71,NUMANCIA,60416000,60416000.0,Numancia,12.6
72,TANGALAN,60417000,60417000.0,Tangalan,23.5
73,BACACAY,50501000,50501000.0,Bacacay,26.9
74,CAMALIG,50502000,50502000.0,Camalig,25.8
75,DARAGA,50503000,50503000.0,Daraga (Locsin),17.2
76,DARAGA,50503000,50503000.0,Daraga (Locsin),17.2
77,LOCSIN,50503000,50503000.0,Daraga (Locsin),17.2
78,LOCSIN,50503000,50503000.0,Daraga (Locsin),17.2
79,GUINOBATAN,50504000,50504000.0,Guinobatan,23.4
80,JOVELLAR,50505000,50505000.0,Jovellar,37.9
81,LEGAZPI,50506000,50506000.0,Legazpi City,18.0
82,LEGAZPI,50506000,50506000.0,Legazpi City,18.0
83,LEGASPI,50506000,50506000.0,Legazpi City,18.0
84,LEGASPI,50506000,50506000.0,Legazpi City,18.0
85,LIBON,50507000,50507000.0,Libon,36.0
86,LIGAO,50508000,50508000.0,Ligao City,27.8
87,MALILIPOT,50509000,50509000.0,Malilipot,20.3
88,MALINAO,50510000,50510000.0,Malinao,27.5
89,MANITO,50511000,50511000.0,Manito,34.3
90,OAS,50512000,50512000.0,Oas,31.8
91,PIO DURAN,50513000,50513000.0,Pio Duran,37.4
92,POLANGUI,50514000,50514000.0,Polangui,24.4
93,RAPU-RAPU,50515000,50515000.0,Rapu-Rapu,42.2
94,SANTO DOMINGO,50516000,50516000.0,Santo Domingo,21.1
95,SANTO DOMINGO,50516000,50516000.0,Santo Domingo,21.1
96,LIBOG,50516000,50516000.0,Santo Domingo,21.1
97,LIBOG,50516000,50516000.0,Santo Domingo,21.1
98,TABACO,50517000,50517000.0,Tabaco City,22.4
99,TIWI,50518000,50518000.0,Tiwi,27.9
100,ANINI-Y,60601000,60601000.0,Anini-Y,19.5
101,BARBAZA,60602000,60602000.0,Barbaza,20.7
102,BELISON,60603000,60603000.0,Belizon,13.3
103,BUGASONG,60604000,60604000.0,Bugasong,23.8
104,CALUYA,60605000,60605000.0,Caluya,25.4
105,CULASI,60606000,60606000.0,Culasi,23.0
106,HAMTIC,60608000,60608000.0,Hamtic,20.8
107,LAUA-AN,60609000,60609000.0,Laua-an,24.1
108,LIBERTAD,60610000,60610000.0,Libertad,20.9
109,PANDAN,60611000,60611000.0,Pandan,20.4
110,PATNONGON,60612000,60612000.0,Patnongon,22.3
111,SAN JOSE DE BUENAVISTA,60613000,60613000.0,San Jose,12.7
112,SAN REMIGIO,60614000,60614000.0,San Remigio,35.3
113,SEBASTE,60615000,60615000.0,Sebaste,19.8
114,SIBALOM,60616000,60616000.0,Sibalom,20.1
115,TIBIAO,60617000,60617000.0,Tibiao,20.9
116,TOBIAS FORNIER,60607000,60607000.0,Tobias Fornier,22.2
117,TOBIAS FORNIER,60607000,60607000.0,Tobias Fornier,22.2
118,DAO,60607000,60607000.0,Tobias Fornier,22.2
119,DAO,60607000,60607000.0,Tobias Fornier,22.2
120,VALDERRAMA,60618000,60618000.0,Valderrama,32.2
121,CALANASAN,148101000,148101000.0,Calanasan (Bayag),27.1
122,CALANASAN,148101000,148101000.0,Calanasan (Bayag),27.1
123,BAYAG,148101000,148101000.0,Calanasan (Bayag),27.1
124,BAYAG,148101000,148101000.0,Calanasan (Bayag),27.1
125,CONNER,148102000,148102000.0,Conner,21.6
126,FLORA,148103000,148103000.0,Flora,17.8
127,KABUGAO,148104000,148104000.0,Kabugao,24.9
128,LUNA,148105000,148105000.0,Luna,17.4
129,PUDTOL,148106000,148106000.0,Pudtol,26.4
130,SANTA MARCELA,148107000,148107000.0,Santa Marcela,16.4
131,BALER,37701000,37701000.0,Baler,9.1
132,CASIGURAN,37702000,37702000.0,Casiguran,12.7
133,DILASAG,37703000,37703000.0,Dilasag,12.4
134,DINALUNGAN,37704000,37704000.0,Dinalungan,9.1
135,DINGALAN,37705000,37705000.0,Dingalan,14.6
136,DIPACULAO,37706000,37706000.0,Dipaculao,12.3
137,MARIA AURORA,37707000,37707000.0,Maria Aurora,10.7
138,SAN LUIS,37708000,37708000.0,San Luis,11.8
139,AKBAR,150708000,150708000.0,Akbar,52.1
140,AL-BARKA,150709000,150709000.0,Al-barka,52.5
141,HADJI MOHAMMAD AJUL,150710000,150710000.0,Hadji Mohammad Ajul,56.1
142,HADJI MUHTAMAD,150712000,150712000.0,Hadji Muhtamad,57.2
143,ISABELA,99701000,,,
144,LAMITAN,150702000,150702000.0,Lamitan City,37.6
145,LANTAWAN,150703000,150703000.0,Lantawan,45.8
146,MALUSO,150704000,150704000.0,Maluso,48.7
147,SUMISIP,150705000,150705000.0,Sumisip,51.2
148,TABUAN-LASA,150713000,150713000.0,Tabuan-Lasa,62.2
149,TIPO-TIPO,150706000,150706000.0,Tipo-Tipo,54.6
150,TUBURAN,150707000,150707000.0,Tuburan,56.0
151,UNGKAYA PUKAN,150711000,150711000.0,Ungkaya Pukan,53.5
152,ABUCAY,30801000,30801000.0,Abucay,14.5
153,BAGAC,30802000,30802000.0,Bagac,11.2
154,BALANGA,30803000,30803000.0,Balanga City,9.5
155,DINALUPIHAN,30804000,30804000.0,Dinalupihan,13.8
156,HERMOSA,30805000,30805000.0,Hermosa,14.1
157,LIMAY,30806000,30806000.0,Limay,10.8
158,MARIVELES,30807000,30807000.0,Mariveles,10.5
159,MORONG,30808000,30808000.0,Morong,15.0
160,ORANI,30809000,30809000.0,Orani,10.6
161,ORION,30810000,30810000.0,Orion,14.5
162,PILAR,30811000,30811000.0,Pilar,12.6
163,SAMAL,30812000,30812000.0,Samal,13.1
164,BASCO,20901000,20901000.0,Basco,14.4
165,ITBAYAT,20902000,20902000.0,Itbayat,26.4
166,IVANA,20903000,20903000.0,Ivana,18.3
167,MAHATAO,20904000,20904000.0,Mahatao,18.0
168,SABTANG,20905000,20905000.0,Sabtang,24.2
169,UYUGAN,20906000,20906000.0,Uyugan,19.5
170,AGONCILLO,41001000,41001000.0,Agoncillo,11.8
171,ALITAGTAG,41002000,41002000.0,Alitagtag,6.0
172,BALAYAN,41003000,41003000.0,Balayan,6.5
173,BALETE,41004000,41004000.0,Balete,7.7
174,BATANGAS,41005000,41005000.0,Batangas City,4.6
175,BAUAN,41006000,41006000.0,Bauan,3.3
176,CALACA,41007000,41007000.0,Calaca,17.4
177,CALATAGAN,41008000,41008000.0,Calatagan,22.4
178,CUENCA,41009000,41009000.0,Cuenca,5.6
179,IBAAN,41010000,41010000.0,Ibaan,7.2
180,LAUREL,41011000,41011000.0,Laurel,25.7
181,LEMERY,41012000,41012000.0,Lemery,11.1
182,LIAN,41013000,41013000.0,Lian,13.3
183,LIPA,41014000,41014000.0,Lipa City,4.2
184,LOBO,41015000,41015000.0,Lobo,21.5
185,MABINI,41016000,41016000.0,Mabini,7.3
186,MALVAR,41017000,41017000.0,Malvar,4.3
187,MATAASNAKAHOY,41018000,41018000.0,Mataas Na Kahoy,3.6
188,NASUGBU,41019000,41019000.0,Nasugbu,12.7
189,PADRE GARCIA,41020000,41020000.0,Padre Garcia,7.2
190,ROSARIO,41021000,41021000.0,Rosario,11.6
191,SAN JOSE,41022000,41022000.0,San Jose,4.2
192,SAN JUAN,41023000,41023000.0,San Juan,15.4
193,SAN LUIS,41024000,41024000.0,San Luis,5.9
194,SAN NICOLAS,41025000,41025000.0,San Nicolas,12.1
195,SAN PASCUAL,41026000,41026000.0,San Pascual,2.8
196,SANTA TERESITA,41027000,41027000.0,Santa Teresita,6.5
197,SANTO TOMAS,41028000,41028000.0,Santo Tomas,4.0
198,TAAL,41029000,41029000.0,Taal,5.5
199,TALISAY,41030000,41030000.0,Talisay,8.8
200,TANAUAN,41031000,41031000.0,Tanauan City,4.6
201,TAYSAN,41032000,41032000.0,Taysan,13.0
202,TINGLOY,41033000,41033000.0,Tingloy,26.2
203,TUY,41034000,41034000.0,Tuy,12.4
204,ATOK,141101000,141101000.0,Atok,11.5
205,BAGUIO,141102000,141102000.0,Baguio City,2.5
206,BAKUN,141103000,141103000.0,Bakun,10.0
207,BOKOD,141104000,141104000.0,Bokod,9.2
208,BUGUIAS,141105000,141105000.0,Buguias,5.8
209,ITOGON,141106000,141106000.0,Itogon,6.3
210,KABAYAN,141107000,141107000.0,Kabayan,10.4
211,KAPANGAN,141108000,141108000.0,Kapangan,13.5
212,KIBUNGAN,141109000,141109000.0,Kibungan,18.5
213,LA TRINIDAD,141110000,141110000.0,La Trinidad,2.1
214,MANKAYAN,141111000,141111000.0,Mankayan,9.3
215,SABLAN,141112000,141112000.0,Sablan,6.8
216,TUBA,141113000,141113000.0,Tuba,6.8
217,TUBLAY,141114000,141114000.0,Tublay,9.7
218,ALMERIA,87801000,87801000.0,Almeria,22.2
219,BILIRAN,87802000,87802000.0,Biliran,27.7
220,CABUCGAYAN,87803000,87803000.0,Cabucgayan,35.3
221,CAIBIRAN,87804000,87804000.0,Caibiran,38.1
222,CULABA,87805000,87805000.0,Culaba,39.4
223,KAWAYAN,87806000,87806000.0,Kawayan,35.5
224,MARIPIPI,87807000,87807000.0,Maripipi,31.4
225,NAVAL,87808000,87808000.0,Naval,27.7
226,ALBURQUERQUE,71201000,71201000.0,Alburquerque,16.3
227,ALICIA,71202000,71202000.0,Alicia,35.4
228,ANDA,71203000,71203000.0,Anda,30.1
229,ANTEQUERA,71204000,71204000.0,Antequera,18.4
230,BACLAYON,71205000,71205000.0,Baclayon,15.8
231,BALILIHAN,71206000,71206000.0,Balilihan,22.5
232,BATUAN,71207000,71207000.0,Batuan,24.1
233,BIEN UNIDO,71248000,71248000.0,Bien Unido,50.4
234,BILAR,71208000,71208000.0,Bilar,23.8
235,BUENAVISTA,71209000,71209000.0,Buenavista,41.9
236,CALAPE,71210000,71210000.0,Calape,22.7
237,CANDIJAY,71211000,71211000.0,Candijay,28.4
238,CARMEN,71212000,71212000.0,Carmen,29.2
239,CATIGBIAN,71213000,71213000.0,Catigbian,29.2
240,CLARIN,71214000,71214000.0,Clarin,22.9
241,CORELLA,71215000,71215000.0,Corella,14.0
242,CORTES,71216000,71216000.0,Cortes,15.9
243,DAGOHOY,71217000,71217000.0,Dagohoy,35.2
244,DANAO,71218000,71218000.0,Danao,35.1
245,DAUIS,71219000,71219000.0,Dauis,14.4
246,DIMIAO,71220000,71220000.0,Dimiao,27.1
247,DUERO,71221000,71221000.0,Duero,29.6
248,GARCIA HERNANDEZ,71222000,71222000.0,Garcia Hernandez,26.3
249,GETAFE,71226000,71226000.0,Getafe,42.9
250,GUINDULMAN,71223000,71223000.0,Guindulman,30.0
251,INABANGA,71224000,71224000.0,Inabanga,31.1
252,JAGNA,71225000,71225000.0,Jagna,23.3
253,LILA,71227000,71227000.0,Lila,26.3
254,LOAY,71228000,71228000.0,Loay,19.8
255,LOBOC,71229000,71229000.0,Loboc,17.0
256,LOON,71230000,71230000.0,Loon,21.4
257,MABINI,71231000,71231000.0,Mabini,34.1
258,MARIBOJOC,71232000,71232000.0,Maribojoc,14.6
259,PANGLAO,71233000,71233000.0,Panglao,19.7
260,PILAR,71234000,71234000.0,Pilar,38.2
261,PRESIDENT CARLOS P. GARCIA,71235000,71235000.0,Pres. Carlos P. Garcia,45.8
262,PRESIDENT CARLOS P. GARCIA,71235000,71235000.0,Pres. Carlos P. Garcia,45.8
263,PRESIDENT CARLOS P. GARCIA,71235000,71235000.0,Pres. Carlos P. Garcia,45.8
264,PITOGO,71235000,71235000.0,Pres. Carlos P. Garcia,45.8
265,PITOGO,71235000,71235000.0,Pres. Carlos P. Garcia,45.8
266,PITOGO,71235000,71235000.0,Pres. Carlos P. Garcia,45.8
267,PRES. CARLOS P. GARCIA,71235000,71235000.0,Pres. Carlos P. Garcia,45.8
268,PRES. CARLOS P. GARCIA,71235000,71235000.0,Pres. Carlos P. Garcia,45.8
269,PRES. CARLOS P. GARCIA,71235000,71235000.0,Pres. Carlos P. Garcia,45.8
270,SAGBAYAN,71236000,71236000.0,Sagbayan,23.9
271,SAGBAYAN,71236000,71236000.0,Sagbayan,23.9
272,BORJA,71236000,71236000.0,Sagbayan,23.9
273,BORJA,71236000,71236000.0,Sagbayan,23.9
274,SAN ISIDRO,71237000,71237000.0,San Isidro,30.9
275,SAN MIGUEL,71238000,71238000.0,San Miguel,31.6
276,SEVILLA,71239000,71239000.0,Sevilla,26.0
277,SIERRA BULLONES,71240000,71240000.0,Sierra Bullones,31.6
278,SIKATUNA,71241000,71241000.0,Sikatuna,19.4
279,TAGBILARAN,71242000,71242000.0,Tagbilaran City,8.7
280,TALIBON,71243000,71243000.0,Talibon,34.6
281,TRINIDAD,71244000,71244000.0,Trinidad,32.1
282,TUBIGON,71245000,71245000.0,Tubigon,21.5
283,UBAY,71246000,71246000.0,Ubay,34.4
284,VALENCIA,71247000,71247000.0,Valencia,29.1
285,BAUNGON,101301000,101301000.0,Baungon,49.7
286,CABANGLASAN,101322000,101322000.0,Cabanglasan,60.8
287,DAMULOG,101302000,101302000.0,Damulog,61.5
288,DANGCAGAN,101303000,101303000.0,Dangcagan,43.1
289,DON CARLOS,101304000,101304000.0,Don Carlos,39.0
290,IMPASUGONG,101305000,101305000.0,Impasug-ong,58.0
291,KADINGILAN,101306000,101306000.0,Kadingilan,57.5
292,KALILANGAN,101307000,101307000.0,Kalilangan,52.1
293,KIBAWE,101308000,101308000.0,Kibawe,45.3
294,KITAOTAO,101309000,101309000.0,Kitaotao,65.5
295,LANTAPAN,101310000,101310000.0,Lantapan,48.3
296,LIBONA,101311000,101311000.0,Libona,37.4
297,MALAYBALAY,101312000,101312000.0,Malaybalay City,36.5
298,MALITBOG,101313000,101313000.0,Malitbog,65.7
299,MANOLO FORTICH,101314000,101314000.0,Manolo Fortich,35.7
300,MARAMAG,101315000,101315000.0,Maramag,36.5
301,PANGANTUCAN,101316000,101316000.0,Pangantucan,49.1
302,QUEZON,101317000,101317000.0,Quezon,55.3
303,SAN FERNANDO,101318000,101318000.0,San Fernando,59.0
304,SUMILAO,101319000,101319000.0,Sumilao,43.0
305,TALAKAG,101320000,101320000.0,Talakag,64.6
306,VALENCIA,101321000,101321000.0,Valencia City,31.4
307,ANGAT,31401000,31401000.0,Angat,7.6
308,BALAGTAS,31402000,31402000.0,Balagtas,6.9
309,BALAGTAS,31402000,31402000.0,Balagtas,6.9
310,BIGAA,31402000,31402000.0,Balagtas,6.9
311,BIGAA,31402000,31402000.0,Balagtas,6.9
312,BALIUAG,31403000,31403000.0,Baliuag,5.4
313,BOCAUE,31404000,31404000.0,Bocaue,7.7
314,BULAKAN,31405000,31405000.0,Bulacan,6.2
315,BUSTOS,31406000,31406000.0,Bustos,5.8
316,CALUMPIT,31407000,31407000.0,Calumpit,6.3
317,DOÑA REMEDIOS TRINIDAD,31424000,31424000.0,Doña Remedios Trinidad,18.9
318,GUIGUINTO,31408000,31408000.0,Guiguinto,5.7
319,HAGONOY,31409000,31409000.0,Hagonoy,6.1
320,MALOLOS,31410000,31410000.0,Malolos City,4.6
321,MARILAO,31411000,31411000.0,Marilao,5.1
322,MEYCAUAYAN,31412000,31412000.0,Meycauayan City,5.8
323,NORZAGARAY,31413000,31413000.0,Norzagaray,8.6
324,OBANDO,31414000,31414000.0,Obando,5.2
325,PANDI,31415000,31415000.0,Pandi,8.8
326,PAOMBONG,31416000,31416000.0,Paombong,8.3
327,PLARIDEL,31417000,31417000.0,Plaridel,6.0
328,PULILAN,31418000,31418000.0,Pulilan,7.4
329,SAN ILDEFONSO,31419000,31419000.0,San Idelfonso,9.2
330,SAN JOSE DEL MONTE,31420000,31420000.0,San Jose Del Monte City,7.0
331,SAN MIGUEL,31421000,31421000.0,San Miguel,10.5
332,SAN RAFAEL,31422000,31422000.0,San Rafael,7.0
333,SANTA MARIA,31423000,31423000.0,Santa Maria,6.2
334,ABULUG,21501000,21501000.0,Abulug,14.4
335,ALCALA,21502000,21502000.0,Alcala,13.6
336,ALLACAPAN,21503000,21503000.0,Allacapan,12.3
337,AMULUNG,21504000,21504000.0,Amulung,17.5
338,APARRI,21505000,21505000.0,Aparri,15.4
339,BAGGAO,21506000,21506000.0,Baggao,13.4
340,BALLESTEROS,21507000,21507000.0,Ballesteros,12.5
341,BUGUEY,21508000,21508000.0,Buguey,15.8
342,CALAYAN,21509000,21509000.0,Calayan,22.7
343,CAMALANIUGAN,21510000,21510000.0,Camalaniugan,11.9
344,CLAVERIA,21511000,21511000.0,Claveria,9.4
345,ENRILE,21512000,21512000.0,Enrile,12.6
346,GATTARAN,21513000,21513000.0,Gattaran,14.8
347,GONZAGA,21514000,21514000.0,Gonzaga,13.1
348,IGUIG,21515000,21515000.0,Iguig,12.5
349,LAL-LO,21516000,21516000.0,Lal-lo,11.1
350,LASAM,21517000,21517000.0,Lasam,12.2
351,PAMPLONA,21518000,21518000.0,Pamplona,15.0
352,PEÑABLANCA,21519000,21519000.0,Peñablanca,12.6
353,PIAT,21520000,21520000.0,Piat,14.4
354,RIZAL,21521000,21521000.0,Rizal,22.6
355,SANCHEZ-MIRA,21522000,21522000.0,Sanchez-Mira,9.9
356,SANTA ANA,21523000,21523000.0,Santa Ana,12.5
357,SANTA PRAXEDES,21524000,21524000.0,Santa Praxedes,9.8
358,SANTA TERESITA,21525000,21525000.0,Santa Teresita,12.6
359,SANTO NIÑO,21526000,21526000.0,Santo Niño,19.7
360,SANTO NIÑO,21526000,21526000.0,Santo Niño,19.7
361,FAIRE,21526000,21526000.0,Santo Niño,19.7
362,FAIRE,21526000,21526000.0,Santo Niño,19.7
363,SOLANA,21527000,21527000.0,Solana,11.9
364,TUAO,21528000,21528000.0,Tuao,15.5
365,TUGUEGARAO,21529000,21529000.0,Tuguegarao City,6.0
366,BASUD,51601000,51601000.0,Basud,37.0
367,CAPALONGA,51602000,51602000.0,Capalonga,48.7
368,DAET,51603000,51603000.0,Daet,21.3
369,JOSE PANGANIBAN,51605000,51605000.0,Jose Panganiban,34.4
370,LABO,51606000,51606000.0,Labo,39.4
371,MERCEDES,51607000,51607000.0,Mercedes,43.7
372,PARACALE,51608000,51608000.0,Paracale,35.8
373,SAN LORENZO RUIZ,51604000,51604000.0,San Lorenzo Ruiz,36.4
374,SAN LORENZO RUIZ,51604000,51604000.0,San Lorenzo Ruiz,36.4
375,IMELDA,51604000,51604000.0,San Lorenzo Ruiz,36.4
376,IMELDA,51604000,51604000.0,San Lorenzo Ruiz,36.4
377,SAN VICENTE,51609000,51609000.0,San Vicente,33.0
378,SANTA ELENA,51610000,51610000.0,Santa Elena,43.7
379,TALISAY,51611000,51611000.0,Talisay,26.7
380,VINZONS,51612000,51612000.0,Vinzons,43.1
381,BAAO,51701000,51701000.0,Baao,35.7
382,BALATAN,51702000,51702000.0,Balatan,51.7
383,BATO,51703000,51703000.0,Bato,41.2
384,BOMBON,51704000,51704000.0,Bombon,32.0
385,BUHI,51705000,51705000.0,Buhi,39.8
386,BULA,51706000,51706000.0,Bula,45.4
387,CABUSAO,51707000,51707000.0,Cabusao,42.0
388,CALABANGA,51708000,51708000.0,Calabanga,36.4
389,CAMALIGAN,51709000,51709000.0,Camaligan,24.5
390,CANAMAN,51710000,51710000.0,Canaman,30.8
391,CARAMOAN,51711000,51711000.0,Caramoan,51.3
392,DEL GALLEGO,51712000,51712000.0,Del Gallego,44.7
393,GAINZA,51713000,51713000.0,Gainza,38.8
394,GARCHITORENA,51714000,51714000.0,Garchitorena,59.7
395,GOA,51715000,51715000.0,Goa,35.4
396,IRIGA,51716000,51716000.0,Iriga City,28.4
397,LAGONOY,51717000,51717000.0,Lagonoy,41.3
398,LIBMANAN,51718000,51718000.0,Libmanan,41.3
399,LUPI,51719000,51719000.0,Lupi,44.4
400,MAGARAO,51720000,51720000.0,Magarao,32.9
401,MILAOR,51721000,51721000.0,Milaor,32.8
402,MINALABAC,51722000,51722000.0,Minalabac,45.4
403,NABUA,51723000,51723000.0,Nabua,30.6
404,NAGA,51724000,51724000.0,Naga City,19.3
405,OCAMPO,51725000,51725000.0,Ocampo,35.0
406,PAMPLONA,51726000,51726000.0,Pamplona,38.7
407,PASACAO,51727000,51727000.0,Pasacao,41.6
408,PILI,51728000,51728000.0,Pili,29.3
409,PRESENTACION,51729000,51729000.0,Presentacion,52.8
410,PRESENTACION,51729000,51729000.0,Presentacion,52.8
411,PARUBCAN,51729000,51729000.0,Presentacion,52.8
412,PARUBCAN,51729000,51729000.0,Presentacion,52.8
413,RAGAY,51730000,51730000.0,Ragay,44.6
414,SAGÑAY,51731000,51731000.0,Sagñay,44.2
415,SAN FERNANDO,51732000,51732000.0,San Fernando,35.5
416,SAN JOSE,51733000,51733000.0,San Jose,32.7
417,SIPOCOT,51734000,51734000.0,Sipocot,41.8
418,SIRUMA,51735000,51735000.0,Siruma,59.2
419,TIGAON,51736000,51736000.0,Tigaon,34.3
420,TINAMBAC,51737000,51737000.0,Tinambac,51.4
421,CATARMAN,101801000,101801000.0,Catarman,42.5
422,GUINSILIBAN,101802000,101802000.0,Guinsiliban,61.0
423,MAHINOG,101803000,101803000.0,Mahinog,37.0
424,MAMBAJAO,101804000,101804000.0,Mambajao,30.3
425,SAGAY,101805000,101805000.0,Sagay,44.9
426,CUARTERO,61901000,61901000.0,Cuartero,19.4
427,DAO,61902000,61902000.0,Dao,17.6
428,DUMALAG,61903000,61903000.0,Dumalag,15.9
429,DUMARAO,61904000,61904000.0,Dumarao,20.8
430,IVISAN,61905000,61905000.0,Ivisan,18.7
431,JAMINDAN,61906000,61906000.0,Jamindan,24.6
432,MAAYON,61907000,61907000.0,Ma-ayon,24.2
433,MAMBUSAO,61908000,61908000.0,Mambusao,15.6
434,PANAY,61909000,61909000.0,Panay,19.3
435,PANITAN,61910000,61910000.0,Panitan,17.9
436,PILAR,61911000,61911000.0,Pilar,23.0
437,PONTEVEDRA,61912000,61912000.0,Pontevedra,17.9
438,PRESIDENT ROXAS,61913000,61913000.0,President Roxas,22.1
439,ROXAS,61914000,61914000.0,Roxas City,14.7
440,SAPIAN,61915000,61915000.0,Sapi-An,21.1
441,SIGMA,61916000,61916000.0,Sigma,18.3
442,TAPAZ,61917000,61917000.0,Tapaz,24.1
443,BAGAMANOC,52001000,52001000.0,Bagamanoc,45.4
444,BARAS,52002000,52002000.0,Baras,42.6
445,BATO,52003000,52003000.0,Bato,34.1
446,CARAMORAN,52004000,52004000.0,Caramoran,56.6
447,GIGMOTO,52005000,52005000.0,Gigmoto,48.2
448,PANDAN,52006000,52006000.0,Pandan,52.2
449,PANGANIBAN,52007000,52007000.0,Panganiban,40.4
450,PANGANIBAN,52007000,52007000.0,Panganiban,40.4
451,PAYO,52007000,52007000.0,Panganiban,40.4
452,PAYO,52007000,52007000.0,Panganiban,40.4
453,SAN ANDRES,52008000,52008000.0,San Andres,44.1
454,SAN ANDRES,52008000,52008000.0,San Andres,44.1
455,CALOLBON,52008000,52008000.0,San Andres,44.1
456,CALOLBON,52008000,52008000.0,San Andres,44.1
457,SAN MIGUEL,52009000,52009000.0,San Miguel,44.5
458,VIGA,52010000,52010000.0,Viga,46.8
459,VIRAC,52011000,52011000.0,Virac,26.7
460,ALFONSO,42101000,42101000.0,Alfonso,4.8
461,AMADEO,42102000,42102000.0,Amadeo,3.2
462,BACOOR,42103000,42103000.0,Bacoor City,4.9
463,CARMONA,42104000,42104000.0,Carmona,3.8
464,CAVITE,42105000,42105000.0,Cavite City,6.9
465,DASMARIÑAS,42106000,42106000.0,Dasmariñas City,5.8
466,GENERAL EMILIO AGUINALDO,42107000,42107000.0,General Emilio Aguinaldo,9.6
467,GENERAL MARIANO ALVAREZ,42123000,42123000.0,Gen. Mariano Alvarez,8.0
468,GENERAL TRIAS,42108000,42108000.0,General Trias City,3.9
469,IMUS,42109000,42109000.0,Imus City,4.9
470,INDANG,42110000,42110000.0,Indang,5.5
471,KAWIT,42111000,42111000.0,Kawit,9.5
472,MAGALLANES,42112000,42112000.0,Magallanes,17.2
473,MARAGONDON,42113000,42113000.0,Maragondon,13.8
474,MENDEZ,42114000,42114000.0,Mendez (Mendez-Nuñez),5.2
475,MENDEZ,42114000,42114000.0,Mendez (Mendez-Nuñez),5.2
476,MENDEZ-NUÑEZ,42114000,42114000.0,Mendez (Mendez-Nuñez),5.2
477,MENDEZ-NUÑEZ,42114000,42114000.0,Mendez (Mendez-Nuñez),5.2
478,NAIC,42115000,42115000.0,Naic,12.3
479,NOVELETA,42116000,42116000.0,Noveleta,8.6
480,ROSARIO,42117000,42117000.0,Rosario,5.6
481,SILANG,42118000,42118000.0,Silang,6.9
482,TAGAYTAY,42119000,42119000.0,Tagaytay City,5.9
483,TANZA,42120000,42120000.0,Tanza,9.0
484,TERNATE,42121000,42121000.0,Ternate,15.2
485,TRECE MARTIRES,42122000,42122000.0,Trece Martires City,5.3
486,ALCANTARA,72201000,72201000.0,Alcantara,33.6
487,ALCOY,72202000,72202000.0,Alcoy,32.7
488,ALEGRIA,72203000,72203000.0,Alegria,40.5
489,ALOGUINSAN,72204000,72204000.0,Aloguinsan,29.5
490,ARGAO,72205000,72205000.0,Argao,25.3
491,ASTURIAS,72206000,72206000.0,Asturias,33.0
492,BADIAN,72207000,72207000.0,Badian,36.8
493,BALAMBAN,72208000,72208000.0,Balamban,25.6
494,BANTAYAN,72209000,72209000.0,Bantayan,31.3
495,BARILI,72210000,72210000.0,Barili,30.4
496,BOGO,72211000,72211000.0,Bogo City,18.6
497,BOLJOON,72212000,72212000.0,Boljoon,34.6
498,BORBON,72213000,72213000.0,Borbon,29.1
499,CARCAR,72214000,72214000.0,Carcar City,21.4
500,CARMEN,72215000,72215000.0,Carmen,21.1
501,CATMON,72216000,72216000.0,Catmon,26.0
502,CEBU,72217000,72217000.0,Cebu City,12.6
503,COMPOSTELA,72218000,72218000.0,Compostela,19.6
504,CONSOLACION,72219000,72219000.0,Consolacion,13.4
505,CORDOVA,72220000,72220000.0,Cordoba,19.7
506,DAANBANTAYAN,72221000,72221000.0,Daanbantayan,25.4
507,DALAGUETE,72222000,72222000.0,Dalaguete,33.6
508,DANAO,72223000,72223000.0,Danao City,21.3
509,DUMANJUG,72224000,72224000.0,Dumanjug,30.9
510,GINATILAN,72225000,72225000.0,Ginatilan,33.3
511,LAPU-LAPU,72226000,72226000.0,Lapu-Lapu City,16.7
512,LAPU-LAPU,72226000,72226000.0,Lapu-Lapu City,16.7
513,OPON,72226000,72226000.0,Lapu-Lapu City,16.7
514,OPON,72226000,72226000.0,Lapu-Lapu City,16.7
515,LILOAN,72227000,72227000.0,Liloan,14.7
516,MADRIDEJOS,72228000,72228000.0,Madridejos,28.1
517,MALABUYOC,72229000,72229000.0,Malabuyoc,44.3
518,MANDAUE,72230000,72230000.0,Mandaue City,11.3
519,MEDELLIN,72231000,72231000.0,Medellin,26.6
520,MINGLANILLA,72232000,72232000.0,Minglanilla,13.5
521,MOALBOAL,72233000,72233000.0,Moalboal,26.6
522,NAGA,72234000,72234000.0,Naga City,21.1
523,OSLOB,72235000,72235000.0,Oslob,35.7
524,PILAR,72236000,72236000.0,Pilar,31.9
525,PINAMUNGAJAN,72237000,72237000.0,Pinamungahan,28.5
526,PORO,72238000,72238000.0,Poro,34.1
527,RONDA,72239000,72239000.0,Ronda,30.2
528,SAMBOAN,72240000,72240000.0,Samboan,35.9
529,SAN FERNANDO,72241000,72241000.0,San Fernando,24.3
530,SAN FRANCISCO,72242000,72242000.0,San Francisco,44.1
531,SAN REMIGIO,72243000,72243000.0,San Remigio,23.6
532,SANTA FE,72244000,72244000.0,Santa Fe,33.3
533,SANTANDER,72245000,72245000.0,Santander,30.8
534,SIBONGA,72246000,72246000.0,Sibonga,27.6
535,SOGOD,72247000,72247000.0,Sogod,29.2
536,TABOGON,72248000,72248000.0,Tabogon,28.0
537,TABUELAN,72249000,72249000.0,Tabuelan,29.4
538,TALISAY,72250000,72250000.0,Talisay City,14.1
539,TOLEDO,72251000,72251000.0,Toledo City,21.9
540,TUBURAN,72252000,72252000.0,Tuburan,36.8
541,TUDELA,72253000,72253000.0,Tudela,33.0
542,ALAMADA,124701000,124701000.0,Alamada,44.1
543,ALEOSAN,124717000,124717000.0,Aleosan,50.9
544,ANTIPAS,124715000,124715000.0,Antipas,30.5
545,ARAKAN,124718000,124718000.0,Arakan,44.3
546,BANISILAN,124716000,124716000.0,Banisilan,47.9
547,CARMEN,124702000,124702000.0,Carmen,52.3
548,KABACAN,124703000,124703000.0,Kabacan,36.9
549,KIDAPAWAN,124704000,124704000.0,Kidapawan City,19.1
550,LIBUNGAN,124705000,124705000.0,Libungan,37.1
551,M'LANG,124710000,124710000.0,M'lang,31.6
552,MAGPET,124706000,124706000.0,Magpet,42.2
553,MAKILALA,124707000,124707000.0,Makilala,32.2
554,MATALAM,124708000,124708000.0,Matalam,40.5
555,MIDSAYAP,124709000,124709000.0,Midsayap,39.2
556,PIGCAWAYAN,124711000,124711000.0,Pigkawayan,38.8
557,PIKIT,124712000,124712000.0,Pikit,58.8
558,PRESIDENT ROXAS,124713000,124713000.0,President Roxas,41.6
559,TULUNAN,124714000,124714000.0,Tulunan,38.6
560,COMPOSTELA,118201000,118201000.0,Compostela,27.6
561,LAAK,118202000,118202000.0,Laak (San Vicente),41.1
562,LAAK,118202000,118202000.0,Laak (San Vicente),41.1
563,SAN VICENTE,118202000,118202000.0,Laak (San Vicente),41.1
564,SAN VICENTE,118202000,118202000.0,Laak (San Vicente),41.1
565,MABINI,118203000,118203000.0,Mabini (Doña Alicia),29.5
566,MABINI,118203000,118203000.0,Mabini (Doña Alicia),29.5
567,DOÑA ALICIA,118203000,118203000.0,Mabini (Doña Alicia),29.5
568,DOÑA ALICIA,118203000,118203000.0,Mabini (Doña Alicia),29.5
569,MACO,118204000,118204000.0,Maco,23.3
570,MARAGUSAN,118205000,118205000.0,Maragusan (San Mariano),27.6
571,MARAGUSAN,118205000,118205000.0,Maragusan (San Mariano),27.6
572,SAN MARIANO,118205000,118205000.0,Maragusan (San Mariano),27.6
573,SAN MARIANO,118205000,118205000.0,Maragusan (San Mariano),27.6
574,MAWAB,118206000,118206000.0,Mawab,24.9
575,MONKAYO,118207000,118207000.0,Monkayo,30.8
576,MONTEVISTA,118208000,118208000.0,Montevista,33.4
577,NABUNTURAN,118209000,118209000.0,Nabunturan,22.7
578,NEW BATAAN,118210000,118210000.0,New Bataan,31.3
579,PANTUKAN,118211000,118211000.0,Pantukan,26.2
580,ASUNCION,112301000,112301000.0,Asuncion (Saug),33.1
581,ASUNCION,112301000,112301000.0,Asuncion (Saug),33.1
582,SAUG,112301000,112301000.0,Asuncion (Saug),33.1
583,SAUG,112301000,112301000.0,Asuncion (Saug),33.1
584,BRAULIO E. DUJALI,112323000,112323000.0,Braulio E. Dujali,29.6
585,CARMEN,112303000,112303000.0,Carmen,30.6
586,KAPALONG,112305000,112305000.0,Kapalong,31.2
587,NEW CORELLA,112314000,112314000.0,New Corella,40.1
588,PANABO,112315000,112315000.0,Panabo City,19.1
589,SAMAL,112317000,112317000.0,Island Garden City of Samal,28.5
590,SAN ISIDRO,112324000,112324000.0,San Isidro,42.2
591,SANTO TOMAS,112318000,112318000.0,Santo Tomas,23.3
592,TAGUM,112319000,112319000.0,Tagum City,13.6
593,TALAINGOD,112322000,112322000.0,Talaingod,56.4
594,BANSALAN,112401000,112401000.0,Bansalan,19.8
595,DAVAO,112402000,112402000.0,Davao City,9.2
596,DIGOS,112403000,112403000.0,Digos City,14.2
597,HAGONOY,112404000,112404000.0,Hagonoy,20.4
598,KIBLAWAN,112406000,112406000.0,Kiblawan,29.2
599,MAGSAYSAY,112407000,112407000.0,Magsaysay,27.6
600,MALALAG,112408000,112408000.0,Malalag,17.3
601,MATANAO,112410000,112410000.0,Matanao,25.1
602,PADADA,112411000,112411000.0,Padada,14.3
603,SANTA CRUZ,112412000,112412000.0,Santa Cruz,22.8
604,SULOP,112414000,112414000.0,Sulop,21.4
605,DON MARCELINO,118601000,118601000.0,Don Marcelino,59.6
606,JOSE ABAD SANTOS,118602000,118602000.0,Jose Abad Santos (Trinidad),65.4
607,JOSE ABAD SANTOS,118602000,118602000.0,Jose Abad Santos (Trinidad),65.4
608,TRINIDAD,118602000,118602000.0,Jose Abad Santos (Trinidad),65.4
609,TRINIDAD,118602000,118602000.0,Jose Abad Santos (Trinidad),65.4
610,MALITA,118603000,118603000.0,Malita,57.3
611,SANTA MARIA,118604000,118604000.0,Santa Maria,55.0
612,SARANGANI,118605000,118605000.0,Sarangani,59.5
613,BAGANGA,112501000,112501000.0,Baganga,33.7
614,BANAYBANAY,112502000,112502000.0,Banaybanay,28.7
615,BOSTON,112503000,112503000.0,Boston,29.3
616,CARAGA,112504000,112504000.0,Caraga,36.0
617,CATEEL,112505000,112505000.0,Cateel,30.6
618,GOVERNOR GENEROSO,112506000,112506000.0,Governor Generoso,34.4
619,LUPON,112507000,112507000.0,Lupon,24.7
620,MANAY,112508000,112508000.0,Manay,35.2
621,MATI,112509000,112509000.0,Mati City (Capital),18.7
622,SAN ISIDRO,112510000,112510000.0,San Isidro,34.3
623,TARRAGONA,112511000,112511000.0,Tarragona,34.9
624,BASILISA,168501000,168501000.0,Basilisa (Rizal),42.0
625,BASILISA,168501000,168501000.0,Basilisa (Rizal),42.0
626,RIZAL,168501000,168501000.0,Basilisa (Rizal),42.0
627,RIZAL,168501000,168501000.0,Basilisa (Rizal),42.0
628,CAGDIANAO,168502000,168502000.0,Cagdianao,45.0
629,DINAGAT,168503000,168503000.0,Dinagat,43.9
630,LIBJO,168504000,168504000.0,Libjo (Albor),43.6
631,LIBJO,168504000,168504000.0,Libjo (Albor),43.6
632,ALBOR,168504000,168504000.0,Libjo (Albor),43.6
633,ALBOR,168504000,168504000.0,Libjo (Albor),43.6
634,LORETO,168505000,168505000.0,Loreto,36.6
635,SAN JOSE,168506000,168506000.0,San Jose,36.2
636,TUBAJON,168507000,168507000.0,Tubajon,42.0
637,ARTECHE,82601000,82601000.0,Arteche,48.1
638,BALANGIGA,82602000,82602000.0,Balangiga,39.7
639,BALANGKAYAN,82603000,82603000.0,Balangkayan,40.7
640,BORONGAN,82604000,82604000.0,Borongan City,32.3
641,CAN-AVID,82605000,82605000.0,Can-avid,43.6
642,DOLORES,82606000,82606000.0,Dolores,47.3
643,GENERAL MACARTHUR,82607000,82607000.0,General MacArthur,48.4
644,GIPORLOS,82608000,82608000.0,Giporlos,43.2
645,GUIUAN,82609000,82609000.0,Guiuan,34.6
646,HERNANI,82610000,82610000.0,Hernani,43.4
647,JIPAPAD,82611000,82611000.0,Jipapad,49.9
648,LAWAAN,82612000,82612000.0,Lawaan,38.7
649,LLORENTE,82613000,82613000.0,Llorente,42.8
650,MASLOG,82614000,82614000.0,Maslog,68.3
651,MAYDOLONG,82615000,82615000.0,Maydolong,39.9
652,MERCEDES,82616000,82616000.0,Mercedes,35.7
653,ORAS,82617000,82617000.0,Oras,45.6
654,QUINAPONDAN,82618000,82618000.0,Quinapondan,43.5
655,SALCEDO,82619000,82619000.0,Salcedo,40.1
656,SAN JULIAN,82620000,82620000.0,San Julian,41.9
657,SAN POLICARPO,82621000,82621000.0,San Policarpo,48.6
658,SULAT,82622000,82622000.0,Sulat,38.9
659,TAFT,82623000,82623000.0,Taft,41.9
660,BUENAVISTA,67901000,67901000.0,Buenavista,18.4
661,JORDAN,67902000,67902000.0,Jordan,19.3
662,NUEVA VALENCIA,67903000,67903000.0,Nueva Valencia,26.4
663,SAN LORENZO,67904000,67904000.0,San Lorenzo,28.9
664,SIBUNAG,67905000,67905000.0,Sibunag,25.0
665,AGUINALDO,142708000,142708000.0,Aguinaldo,31.4
666,ALFONSO LISTA,142707000,142707000.0,Alfonso Lista (Potia),20.8
667,ALFONSO LISTA,142707000,142707000.0,Alfonso Lista (Potia),20.8
668,POTIA,142707000,142707000.0,Alfonso Lista (Potia),20.8
669,POTIA,142707000,142707000.0,Alfonso Lista (Potia),20.8
670,ASIPULO,142711000,142711000.0,Asipulo,44.9
671,BANAUE,142701000,142701000.0,Banaue,37.7
672,HINGYON,142709000,142709000.0,Hingyon,32.4
673,HUNGDUAN,142702000,142702000.0,Hungduan,27.0
674,KIANGAN,142703000,142703000.0,Kiangan,24.2
675,LAGAWE,142704000,142704000.0,Lagawe,19.7
676,LAMUT,142705000,142705000.0,Lamut,21.2
677,MAYOYAO,142706000,142706000.0,Mayoyao,29.6
678,TINOC,142710000,142710000.0,Tinoc,34.5
679,ADAMS,12801000,12801000.0,Adams,16.5
680,BACARRA,12802000,12802000.0,Bacarra,7.5
681,BADOC,12803000,12803000.0,Badoc,10.7
682,BANGUI,12804000,12804000.0,Bangui,8.5
683,BANNA,12811000,12811000.0,Banna,12.8
684,BANNA,12811000,12811000.0,Banna,12.8
685,ESPIRITU,12811000,12811000.0,Banna,12.8
686,ESPIRITU,12811000,12811000.0,Banna,12.8
687,BATAC,12805000,12805000.0,Batac City,7.8
688,BURGOS,12806000,12806000.0,Burgos,8.4
689,CARASI,12807000,12807000.0,Carasi,20.3
690,CURRIMAO,12808000,12808000.0,Currimao,9.3
691,DINGRAS,12809000,12809000.0,Dingras,11.7
692,DUMALNEG,12810000,12810000.0,Dumalneg,12.1
693,LAOAG,12812000,12812000.0,Laoag City,6.6
694,MARCOS,12813000,12813000.0,Marcos,9.8
695,NUEVA ERA,12814000,12814000.0,Nueva Era,14.6
696,PAGUDPUD,12815000,12815000.0,Pagudpud,9.5
697,PAOAY,12816000,12816000.0,Paoay,8.4
698,PASUQUIN,12817000,12817000.0,Pasuquin,10.6
699,PIDDIG,12818000,12818000.0,Piddig,11.4
700,PINILI,12819000,12819000.0,Pinili,12.4
701,SAN NICOLAS,12820000,12820000.0,San Nicolas,7.7
702,SARRAT,12821000,12821000.0,Sarrat,8.5
703,SOLSONA,12822000,12822000.0,Solsona,10.5
704,VINTAR,12823000,12823000.0,Vintar,8.5
705,ALILEM,12901000,12901000.0,Alilem,18.5
706,BANAYOYO,12902000,12902000.0,Banayoyo,12.0
707,BANTAY,12903000,12903000.0,Bantay,11.2
708,BURGOS,12904000,12904000.0,Burgos,13.1
709,CABUGAO,12905000,12905000.0,Cabugao,15.0
710,CANDON,12906000,12906000.0,Candon City,10.4
711,CAOAYAN,12907000,12907000.0,Caoayan,10.7
712,CERVANTES,12908000,12908000.0,Cervantes,19.6
713,GALIMUYOD,12909000,12909000.0,Galimuyod,13.0
714,GREGORIO DEL PILAR,12910000,12910000.0,Gregorio del Pilar,19.3
715,GREGORIO DEL PILAR,12910000,12910000.0,Gregorio del Pilar,19.3
716,CONCEPCION,12910000,12910000.0,Gregorio del Pilar,19.3
717,CONCEPCION,12910000,12910000.0,Gregorio del Pilar,19.3
718,LIDLIDDA,12911000,12911000.0,Lidlidda,11.1
719,MAGSINGAL,12912000,12912000.0,Magsingal,10.9
720,NAGBUKEL,12913000,12913000.0,Nagbukel,16.9
721,NARVACAN,12914000,12914000.0,Narvacan,13.2
722,QUIRINO,12915000,12915000.0,Quirino,20.4
723,QUIRINO,12915000,12915000.0,Quirino,20.4
724,ANGKAKI,12915000,12915000.0,Quirino,20.4
725,ANGKAKI,12915000,12915000.0,Quirino,20.4
726,SALCEDO,12916000,12916000.0,Salcedo,15.1
727,SALCEDO,12916000,12916000.0,Salcedo,15.1
728,BAUGEN,12916000,12916000.0,Salcedo,15.1
729,BAUGEN,12916000,12916000.0,Salcedo,15.1
730,SAN EMILIO,12917000,12917000.0,San Emilio,18.8
731,SAN ESTEBAN,12918000,12918000.0,San Esteban,10.9
732,SAN ILDEFONSO,12919000,12919000.0,San Ildefonso,10.2
733,SAN JUAN,12920000,12920000.0,San Juan,11.7
734,SAN JUAN,12920000,12920000.0,San Juan,11.7
735,LAPOG,12920000,12920000.0,San Juan,11.7
736,LAPOG,12920000,12920000.0,San Juan,11.7
737,SAN VICENTE,12921000,12921000.0,San Vicente,9.6
738,SANTA,12922000,12922000.0,Santa,11.2
739,SANTA CATALINA,12923000,12923000.0,Santa Catalina,13.3
740,SANTA CRUZ,12924000,12924000.0,Santa Cruz,14.7
741,SANTA LUCIA,12925000,12925000.0,Santa Lucia,14.4
742,SANTA MARIA,12926000,12926000.0,Santa Maria,11.3
743,SANTIAGO,12927000,12927000.0,Santiago,13.0
744,SANTO DOMINGO,12928000,12928000.0,Santo Domingo,11.3
745,SIGAY,12929000,12929000.0,Sigay,21.4
746,SINAIT,12930000,12930000.0,Sinait,12.2
747,SUGPON,12931000,12931000.0,Sugpon,26.6
748,SUYO,12932000,12932000.0,Suyo,14.6
749,TAGUDIN,12933000,12933000.0,Tagudin,13.5
750,VIGAN,12934000,12934000.0,Vigan City,8.7
751,AJUY,63001000,63001000.0,Ajuy,25.7
752,ALIMODIAN,63002000,63002000.0,Alimodian,26.1
753,ANILAO,63003000,63003000.0,Anilao,25.5
754,BADIANGAN,63004000,63004000.0,Badiangan,22.5
755,BALASAN,63005000,63005000.0,Balasan,24.2
756,BANATE,63006000,63006000.0,Banate,22.7
757,BAROTAC NUEVO,63007000,63007000.0,Barotac Nuevo,21.1
758,BAROTAC VIEJO,63008000,63008000.0,Barotac Viejo,24.2
759,BATAD,63009000,63009000.0,Batad,26.4
760,BINGAWAN,63010000,63010000.0,Bingawan,24.2
761,CABATUAN,63012000,63012000.0,Cabatuan,19.0
762,CALINOG,63013000,63013000.0,Calinog,28.3
763,CARLES,63014000,63014000.0,Carles,33.3
764,CONCEPCION,63015000,63015000.0,Concepcion,27.5
765,DINGLE,63016000,63016000.0,Dingle,21.8
766,DUEÑAS,63017000,63017000.0,Dueñas,24.7
767,DUMANGAS,63018000,63018000.0,Dumangas,21.0
768,ESTANCIA,63019000,63019000.0,Estancia,24.0
769,GUIMBAL,63020000,63020000.0,Guimbal,16.8
770,IGBARAS,63021000,63021000.0,Igbaras,25.4
771,ILOILO,63022000,63022000.0,Iloilo City,13.5
772,JANIUAY,63023000,63023000.0,Janiuay,25.7
773,LAMBUNAO,63025000,63025000.0,Lambunao,26.3
774,LEGANES,63026000,63026000.0,Leganes,16.4
775,LEMERY,63027000,63027000.0,Lemery,24.0
776,LEON,63028000,63028000.0,Leon,23.7
777,MAASIN,63029000,63029000.0,Maasin,28.4
778,MIAGAO,63030000,63030000.0,Miagao,20.7
779,MINA,63031000,63031000.0,Mina,22.1
780,NEW LUCENA,63032000,63032000.0,New Lucena,20.0
781,OTON,63034000,63034000.0,Oton,15.3
782,PASSI,63035000,63035000.0,Passi City,23.3
783,PAVIA,63036000,63036000.0,Pavia,10.7
784,POTOTAN,63037000,63037000.0,Pototan,21.2
785,SAN DIONISIO,63038000,63038000.0,San Dionisio,28.2
786,SAN ENRIQUE,63039000,63039000.0,San Enrique,25.8
787,SAN JOAQUIN,63040000,63040000.0,San Joaquin,26.7
788,SAN MIGUEL,63041000,63041000.0,San Miguel,18.9
789,SAN RAFAEL,63042000,63042000.0,San Rafael,23.8
790,SANTA BARBARA,63043000,63043000.0,Santa Barbara,17.3
791,SARA,63044000,63044000.0,Sara,23.2
792,TIGBAUAN,63045000,63045000.0,Tigbauan,20.4
793,TUBUNGAN,63046000,63046000.0,Tubungan,26.9
794,ZARRAGA,63047000,63047000.0,Zarraga,17.4
795,ALICIA,23101000,23101000.0,Alicia,12.4
796,ANGADANAN,23102000,23102000.0,Angadanan,18.3
797,AURORA,23103000,23103000.0,Aurora,10.8
798,BENITO SOLIVEN,23104000,23104000.0,Benito Soliven,21.7
799,BURGOS,23105000,23105000.0,Burgos,14.0
800,CABAGAN,23106000,23106000.0,Cabagan,17.2
801,CABATUAN,23107000,23107000.0,Cabatuan,11.6
802,CAUAYAN,23108000,23108000.0,Cauayan City,12.8
803,CORDON,23109000,23109000.0,Cordon,13.7
804,DELFIN ALBANO,23118000,23118000.0,Delfin Albano,13.6
805,DELFIN ALBANO,23118000,23118000.0,Delfin Albano,13.6
806,MAGSAYSAY,23118000,23118000.0,Delfin Albano,13.6
807,MAGSAYSAY,23118000,23118000.0,Delfin Albano,13.6
808,DINAPIGUE,23110000,23110000.0,Dinapigue,14.7
809,DIVILACAN,23111000,23111000.0,Divilican,26.2
810,ECHAGUE,23112000,23112000.0,Echague,15.8
811,GAMU,23113000,23113000.0,Gamu,13.3
812,ILAGAN,23114000,23114000.0,Ilagan City,13.3
813,JONES,23115000,23115000.0,Jones,14.7
814,LUNA,23116000,23116000.0,Luna,8.7
815,MACONACON,23117000,23117000.0,Maconacon,20.9
816,MALLIG,23119000,23119000.0,Mallig,13.3
817,NAGUILIAN,23120000,23120000.0,Naguilian,15.2
818,PALANAN,23121000,23121000.0,Palanan,27.2
819,QUEZON,23122000,23122000.0,Quezon,18.0
820,QUIRINO,23123000,23123000.0,Quirino,10.8
821,RAMON,23124000,23124000.0,Ramon,13.4
822,REINA MERCEDES,23125000,23125000.0,Reina Mercedes,12.1
823,ROXAS,23126000,23126000.0,Roxas,13.5
824,SAN AGUSTIN,23127000,23127000.0,San Agustin,13.6
825,SAN GUILLERMO,23128000,23128000.0,San Guillermo,23.5
826,SAN ISIDRO,23129000,23129000.0,San Isidro,11.7
827,SAN MANUEL,23130000,23130000.0,San Manuel,13.5
828,SAN MARIANO,23131000,23131000.0,San Mariano,25.3
829,SAN MATEO,23132000,23132000.0,San Mateo,9.9
830,SAN PABLO,23133000,23133000.0,San Pablo,20.7
831,SANTA MARIA,23134000,23134000.0,Santa Maria,24.8
832,SANTIAGO,23135000,23135000.0,Santiago City,12.8
833,SANTO TOMAS,23136000,23136000.0,Santo Tomas,21.2
834,TUMAUINI,23137000,23137000.0,Tumauini,18.1
835,BALBALAN,143201000,143201000.0,Balbalan,26.4
836,LUBUAGAN,143206000,143206000.0,Lubuagan,26.6
837,PASIL,143208000,143208000.0,Pasil,27.7
838,PINUKPUK,143209000,143209000.0,Pinukpuk,30.4
839,RIZAL,143211000,143211000.0,Rizal (Liwan),15.3
840,RIZAL,143211000,143211000.0,Rizal (Liwan),15.3
841,LIWAN,143211000,143211000.0,Rizal (Liwan),15.3
842,LIWAN,143211000,143211000.0,Rizal (Liwan),15.3
843,TABUK,143213000,143213000.0,Tabuk City,17.7
844,TANUDAN,143214000,143214000.0,Tanudan,38.6
845,TINGLAYAN,143215000,143215000.0,Tinglayan,30.5
846,AGOO,13301000,13301000.0,Agoo,6.7
847,ARINGAY,13302000,13302000.0,Aringay,8.6
848,BACNOTAN,13303000,13303000.0,Bacnotan,5.3
849,BAGULIN,13304000,13304000.0,Bagulin,13.0
850,BALAOAN,13305000,13305000.0,Balaoan,6.5
851,BANGAR,13306000,13306000.0,Bangar,8.0
852,BAUANG,13307000,13307000.0,Bauang,5.7
853,BURGOS,13308000,13308000.0,Burgos,10.1
854,CABA,13309000,13309000.0,Caba,7.3
855,LUNA,13310000,13310000.0,Luna,6.0
856,NAGUILIAN,13311000,13311000.0,Naguilian,5.9
857,PUGO,13312000,13312000.0,Pugo,5.8
858,ROSARIO,13313000,13313000.0,Rosario,6.4
859,SAN FERNANDO,13314000,13314000.0,San Fernando City,3.8
860,SAN GABRIEL,13315000,13315000.0,San Gabriel,15.1
861,SAN JUAN,13316000,13316000.0,San Juan,5.5
862,SANTO TOMAS,13317000,13317000.0,Santo Tomas,7.5
863,SANTOL,13318000,13318000.0,Santol,12.6
864,SUDIPEN,13319000,13319000.0,Sudipen,9.7
865,TUBAO,13320000,13320000.0,Tubao,8.6
866,ALAMINOS,43401000,43401000.0,Alaminos,2.7
867,BAY,43402000,43402000.0,Bay,2.7
868,BIÑAN,43403000,43403000.0,Biñan City,5.2
869,CABUYAO,43404000,43404000.0,Cabuyao City,8.5
870,CALAMBA,43405000,43405000.0,Calamba City,3.0
871,CALAUAN,43406000,43406000.0,Calauan,9.7
872,CAVINTI,43407000,43407000.0,Cavinti,8.5
873,FAMY,43408000,43408000.0,Famy,10.2
874,KALAYAAN,43409000,43409000.0,Kalayaan,11.9
875,LILIW,43410000,43410000.0,Liliw,3.9
876,LOS BAÑOS,43411000,43411000.0,Los Baños,2.1
877,LUISIANA,43412000,43412000.0,Luisiana,8.6
878,LUMBAN,43413000,43413000.0,Lumban,7.9
879,MABITAC,43414000,43414000.0,Mabitac,16.9
880,MAGDALENA,43415000,43415000.0,Magdalena,16.4
881,MAJAYJAY,43416000,43416000.0,Majayjay,8.4
882,NAGCARLAN,43417000,43417000.0,Nagcarlan,5.6
883,PAETE,43418000,43418000.0,Paete,5.4
884,PAGSANJAN,43419000,43419000.0,Pagsanjan,4.9
885,PAKIL,43420000,43420000.0,Pakil,11.9
886,PANGIL,43421000,43421000.0,Pangil,8.6
887,PILA,43422000,43422000.0,Pila,6.7
888,RIZAL,43423000,43423000.0,Rizal,3.0
889,SAN PABLO,43424000,43424000.0,San Pablo City,4.2
890,SAN PEDRO,43425000,43425000.0,San Pedro City,2.7
891,SANTA CRUZ,43426000,43426000.0,Santa Cruz,4.6
892,SANTA MARIA,43427000,43427000.0,Santa Maria,16.6
893,SANTA ROSA,43428000,43428000.0,Santa Rosa City,2.4
894,SINILOAN,43429000,43429000.0,Siniloan,8.6
895,VICTORIA,43430000,43430000.0,Victoria,4.4
896,BACOLOD,103501000,103501000.0,Bacolod,34.2
897,BALOI,103502000,103502000.0,Baloi,40.1
898,BAROY,103503000,103503000.0,Baroy,40.4
899,ILIGAN,103504000,103504000.0,Iligan City,17.3
900,KAPATAGAN,103505000,103505000.0,Kapatagan,47.1
901,KAUSWAGAN,103507000,103507000.0,Kauswagan,37.5
902,KOLAMBUGAN,103508000,103508000.0,Kolambugan,28.7
903,LALA,103509000,103509000.0,Lala,42.0
904,LINAMON,103510000,103510000.0,Linamon,30.0
905,MAGSAYSAY,103511000,103511000.0,Magsaysay,57.1
906,MAIGO,103512000,103512000.0,Maigo,33.4
907,MATUNGAO,103513000,103513000.0,Matungao,55.3
908,MUNAI,103514000,103514000.0,Munai,56.3
909,NUNUNGAN,103515000,103515000.0,Nunungan,69.1
910,PANTAO RAGAT,103516000,103516000.0,Pantao Ragat,58.8
911,PANTAR,103523000,103523000.0,Pantar,53.2
912,POONA PIAGAPO,103517000,103517000.0,Poona Piagapo,62.8
913,SALVADOR,103518000,103518000.0,Salvador,62.8
914,SAPAD,103519000,103519000.0,Sapad,64.7
915,SULTAN NAGA DIMAPORO,103506000,103506000.0,Sultan Naga Dimaporo,54.1
916,SULTAN NAGA DIMAPORO,103506000,103506000.0,Sultan Naga Dimaporo,54.1
917,KAROMATAN,103506000,103506000.0,Sultan Naga Dimaporo,54.1
918,KAROMATAN,103506000,103506000.0,Sultan Naga Dimaporo,54.1
919,TAGOLOAN,103520000,103520000.0,Tagoloan,60.0
920,TANGCAL,103521000,103521000.0,Tangcal,65.9
921,TUBOD,103522000,103522000.0,Tubod,36.8
922,AMAI MANABILANG,153637000,153637000.0,Bumbaran,53.7
923,AMAI MANABILANG,153637000,153637000.0,Bumbaran,53.7
924,BUMBARAN,153637000,153637000.0,Bumbaran,53.7
925,BUMBARAN,153637000,153637000.0,Bumbaran,53.7
926,BACOLOD-KALAWI,153601000,153601000.0,Bacolod-Kalawi,61.4
927,BACOLOD-KALAWI,153601000,153601000.0,Bacolod-Kalawi,61.4
928,BACOLOD GRANDE,153601000,153601000.0,Bacolod-Kalawi,61.4
929,BACOLOD GRANDE,153601000,153601000.0,Bacolod-Kalawi,61.4
930,BALABAGAN,153602000,153602000.0,Balabagan,59.7
931,BALINDONG,153603000,153603000.0,Balindong (Watu),61.4
932,BALINDONG,153603000,153603000.0,Balindong (Watu),61.4
933,WATU,153603000,153603000.0,Balindong (Watu),61.4
934,WATU,153603000,153603000.0,Balindong (Watu),61.4
935,BAYANG,153604000,153604000.0,Bayang,66.5
936,BINIDAYAN,153605000,153605000.0,Binidayan,65.3
937,BUADIPOSO-BUNTONG,153633000,153633000.0,Buadiposo-Buntong,61.4
938,BUBONG,153606000,153606000.0,Bubong,65.6
939,CALANOGAS,153632000,153632000.0,Calanogas,68.5
940,DITSAAN-RAMAIN,153624000,153624000.0,Ditsaan-Ramain,64.2
941,GANASSI,153609000,153609000.0,Ganassi,63.2
942,KAPAI,153610000,153610000.0,Kapai,73.6
943,KAPATAGAN,153639000,153639000.0,Kapatagan,62.6
944,LUMBA-BAYABAO,153611000,153611000.0,Lumba-Bayabao (Maguing),65.1
945,LUMBA-BAYABAO,153611000,153611000.0,Lumba-Bayabao (Maguing),65.1
946,MAGUING,153611000,153611000.0,Lumba-Bayabao (Maguing),65.1
947,MAGUING,153611000,153611000.0,Lumba-Bayabao (Maguing),65.1
948,LUMBACA-UNAYAN,153641000,153641000.0,Lumbaca-Unayan,68.7
949,LUMBATAN,153612000,153612000.0,Lumbatan,65.8
950,LUMBAYANAGUE,153636000,153636000.0,Lumbayanague,65.4
951,MADALUM,153613000,153613000.0,Madalum,64.5
952,MADAMBA,153614000,153614000.0,Madamba,70.0
953,MAGUING,153634000,153634000.0,Maguing,64.5
954,MALABANG,153615000,153615000.0,Malabang,61.6
955,MARANTAO,153616000,153616000.0,Marantao,61.1
956,MARAWI,153617000,153617000.0,Marawi City,54.6
957,MAROGONG,153631000,153631000.0,Marogong,72.5
958,MASIU,153618000,153618000.0,Masiu,63.4
959,MULONDO,153619000,153619000.0,Mulondo,65.9
960,PAGAYAWAN,153620000,153620000.0,Pagayawan (Tatarikan),73.2
961,PAGAYAWAN,153620000,153620000.0,Pagayawan (Tatarikan),73.2
962,TATARIKAN,153620000,153620000.0,Pagayawan (Tatarikan),73.2
963,TATARIKAN,153620000,153620000.0,Pagayawan (Tatarikan),73.2
964,PIAGAPO,153621000,153621000.0,Piagapo,68.1
965,PICONG,153635000,153635000.0,Picong (Sultan Gumander),71.4
966,PICONG,153635000,153635000.0,Picong (Sultan Gumander),71.4
967,SULTAN GUMANDER,153635000,153635000.0,Picong (Sultan Gumander),71.4
968,SULTAN GUMANDER,153635000,153635000.0,Picong (Sultan Gumander),71.4
969,POONA BAYABAO,153622000,153622000.0,Poona Bayabao (Gata),60.9
970,POONA BAYABAO,153622000,153622000.0,Poona Bayabao (Gata),60.9
971,GATA,153622000,153622000.0,Poona Bayabao (Gata),60.9
972,GATA,153622000,153622000.0,Poona Bayabao (Gata),60.9
973,PUALAS,153623000,153623000.0,Pualas,64.5
974,SAGUIARAN,153625000,153625000.0,Saguiaran,62.0
975,SULTAN DUMALONDONG,153640000,153640000.0,Sultan Dumalondong,70.9
976,TAGOLOAN II,153638000,153638000.0,Tagoloan II,78.2
977,TAGOLOAN II,153638000,153638000.0,Tagoloan II,78.2
978,TAGOLOAN 2,153638000,153638000.0,Tagoloan II,78.2
979,TAGOLOAN 2,153638000,153638000.0,Tagoloan II,78.2
980,TAMPARAN,153626000,153626000.0,Tamparan,68.5
981,TARAKA,153627000,153627000.0,Taraka,66.9
982,TUBARAN,153628000,153628000.0,Tubaran,66.4
983,TUGAYA,153629000,153629000.0,Tugaya,68.6
984,WAO,153630000,153630000.0,Wao,45.4
985,ABUYOG,83701000,83701000.0,Abuyog,36.1
986,ALANGALANG,83702000,83702000.0,Alangalang,33.9
987,ALBUERA,83703000,83703000.0,Albuera,33.9
988,BABATNGON,83705000,83705000.0,Babatngon,37.3
989,BARUGO,83706000,83706000.0,Barugo,39.3
990,BATO,83707000,83707000.0,Bato,38.6
991,BAYBAY,83708000,83708000.0,Baybay City,30.8
992,BURAUEN,83710000,83710000.0,Burauen,35.9
993,CALUBIAN,83713000,83713000.0,Calubian,40.5
994,CAPOOCAN,83714000,83714000.0,Capoocan,42.5
995,CARIGARA,83715000,83715000.0,Carigara,31.2
996,DAGAMI,83717000,83717000.0,Dagami,39.0
997,DULAG,83718000,83718000.0,Dulag,31.5
998,HILONGOS,83719000,83719000.0,Hilongos,33.9
999,HINDANG,83720000,83720000.0,Hindang,28.1
1000,INOPACAN,83721000,83721000.0,Inopacan,35.4
1001,ISABEL,83722000,83722000.0,Isabel,23.4
1002,JARO,83723000,83723000.0,Jaro,41.5
1003,JAVIER,83724000,83724000.0,Javier (Bugho),36.9
1004,JAVIER,83724000,83724000.0,Javier (Bugho),36.9
1005,BUGHO,83724000,83724000.0,Javier (Bugho),36.9
1006,BUGHO,83724000,83724000.0,Javier (Bugho),36.9
1007,JULITA,83725000,83725000.0,Julita,33.2
1008,KANANGA,83726000,83726000.0,Kananga,34.6
1009,LA PAZ,83728000,83728000.0,La Paz,39.3
1010,LEYTE,83729000,83729000.0,Leyte,47.1
1011,MACARTHUR,83730000,83730000.0,MacArthur,36.3
1012,MAHAPLAG,83731000,83731000.0,Mahaplag,37.9
1013,MATAG-OB,83733000,83733000.0,Matag-ob,35.5
1014,MATALOM,83734000,83734000.0,Matalom,35.6
1015,MAYORGA,83735000,83735000.0,Mayorga,33.6
1016,MERIDA,83736000,83736000.0,Merida,31.5
1017,ORMOC,83738000,83738000.0,Ormoc City,29.4
1018,PALO,83739000,83739000.0,Palo,22.4
1019,PALOMPON,83740000,83740000.0,Palompon,28.8
1020,PASTRANA,83741000,83741000.0,Pastrana,40.7
1021,SAN ISIDRO,83742000,83742000.0,San Isidro,41.9
1022,SAN MIGUEL,83743000,83743000.0,San Miguel,41.1
1023,SANTA FE,83744000,83744000.0,Santa Fe,33.6
1024,TABANGO,83745000,83745000.0,Tabango,42.6
1025,TABONTABON,83746000,83746000.0,Tabontabon,37.4
1026,TACLOBAN,83747000,83747000.0,Tacloban City,21.5
1027,TANAUAN,83748000,83748000.0,Tanauan,28.5
1028,TOLOSA,83749000,83749000.0,Tolosa,28.2
1029,TUNGA,83750000,83750000.0,Tunga,28.0
1030,VILLABA,83751000,83751000.0,Villaba,33.9
1031,AMPATUAN,153801000,153801000.0,Ampatuan,51.2
1032,BARIRA,153818000,153818000.0,Barira,60.1
1033,BULDON,153802000,153802000.0,Buldon,60.8
1034,BULUAN,153803000,153803000.0,Buluan,63.1
1035,COTABATO,129804000,,,
1036,DATU ABDULLAH SANGKI,153828000,153828000.0,Datu Abdullah Sangki,53.6
1037,DATU ANGGAL MIDTIMBANG,153831000,153831000.0,Datu Anggal Midtimbang,58.8
1038,DATU BLAH T. SINSUAT,153830000,153830000.0,Datu Blah T. Sinsuat,61.0
1039,DATU HOFFER AMPATUAN,153835000,153835000.0,Datu Hoffer Ampatuan,61.7
1040,DATU MONTAWAL,153822000,153822000.0,Pagagawan,59.4
1041,DATU ODIN SINSUAT,153807000,153807000.0,Datu Odin Sinsuat (Dinaig),44.6
1042,DATU ODIN SINSUAT,153807000,153807000.0,Datu Odin Sinsuat (Dinaig),44.6
1043,DINAIG,153807000,153807000.0,Datu Odin Sinsuat (Dinaig),44.6
1044,DINAIG,153807000,153807000.0,Datu Odin Sinsuat (Dinaig),44.6
1045,DATU PAGLAS,153805000,153805000.0,Datu Paglas,52.7
1046,DATU PIANG,153806000,153806000.0,Datu Piang,57.5
1047,DATU SALIBO,153836000,153836000.0,Datu Salibo,55.2
1048,DATU SAUDI-AMPATUAN,153826000,153826000.0,Datu Saudi-Ampatuan,59.8
1049,DATU UNSAY,153827000,153827000.0,Datu Unsay,57.6
1050,GENERAL SALIPADA K. PENDATUN,153819000,153819000.0,Gen. S. K. Pendatun,58.6
1051,GUINDULUNGAN,153825000,153825000.0,Guindulungan,62.7
1052,KABUNTALAN,153814000,153814000.0,Kabuntalan (Tumbao),62.5
1053,KABUNTALAN,153814000,153814000.0,Kabuntalan (Tumbao),62.5
1054,TUMBAO,153814000,153814000.0,Kabuntalan (Tumbao),62.5
1055,TUMBAO,153814000,153814000.0,Kabuntalan (Tumbao),62.5
1056,MAMASAPANO,153820000,153820000.0,Mamasapano,59.8
1057,MANGUDADATU,153832000,153832000.0,Mangudadatu,63.7
1058,MATANOG,153809000,153809000.0,Matanog,55.9
1059,NORTHERN KABUNTALAN,153834000,153834000.0,Northern Kabuntalan,56.4
1060,PAGALUNGAN,153810000,153810000.0,Pagalungan,53.0
1061,PAGLAT,153823000,153823000.0,Paglat,58.6
1062,PANDAG,153833000,153833000.0,Pandag,61.1
1063,PARANG,153811000,153811000.0,Parang,44.9
1064,RAJAH BUAYAN,153829000,153829000.0,Rajah Buayan,55.4
1065,SHARIFF AGUAK,153808000,153808000.0,Shariff Aguak (Maganoy),60.2
1066,SHARIFF AGUAK,153808000,153808000.0,Shariff Aguak (Maganoy),60.2
1067,MAGANOY,153808000,153808000.0,Shariff Aguak (Maganoy),60.2
1068,MAGANOY,153808000,153808000.0,Shariff Aguak (Maganoy),60.2
1069,SHARIFF SAYDONA MUSTAPHA,153837000,153837000.0,Shariff Saydona Mustapha,52.0
1070,SOUTH UPI,153817000,153817000.0,South Upi,48.5
1071,SULTAN KUDARAT,153812000,153812000.0,Sultan Kudarat (Nuling),52.3
1072,SULTAN KUDARAT,153812000,153812000.0,Sultan Kudarat (Nuling),52.3
1073,NULING,153812000,153812000.0,Sultan Kudarat (Nuling),52.3
1074,NULING,153812000,153812000.0,Sultan Kudarat (Nuling),52.3
1075,SULTAN MASTURA,153824000,153824000.0,Sultan Mastura,52.0
1076,SULTAN SA BARONGIS,153813000,153813000.0,Sultan Sa Barongis (Lambayong),56.4
1077,SULTAN SA BARONGIS,153813000,153813000.0,Sultan Sa Barongis (Lambayong),56.4
1078,LAMBAYONG,153813000,153813000.0,Sultan Sa Barongis (Lambayong),56.4
1079,LAMBAYONG,153813000,153813000.0,Sultan Sa Barongis (Lambayong),56.4
1080,SULTAN SUMAGKA,153821000,153821000.0,Talitay,58.2
1081,TALAYAN,153816000,153816000.0,Talayan,60.0
1082,UPI,153815000,153815000.0,Upi,43.7
1083,BOAC,174001000,174001000.0,Boac,15.2
1084,BUENAVISTA,174002000,174002000.0,Buenavista,20.5
1085,GASAN,174003000,174003000.0,Gasan,14.9
1086,MOGPOG,174004000,174004000.0,Mogpog,13.6
1087,SANTA CRUZ,174005000,174005000.0,Santa Cruz,15.6
1088,TORRIJOS,174006000,174006000.0,Torrijos,23.1
1089,AROROY,54101000,54101000.0,Aroroy,41.8
1090,BALENO,54102000,54102000.0,Baleno,42.9
1091,BALUD,54103000,54103000.0,Balud,42.3
1092,BATUAN,54104000,54104000.0,Batuan,37.0
1093,CATAINGAN,54105000,54105000.0,Cataingan,38.8
1094,CAWAYAN,54106000,54106000.0,Cawayan,51.8
1095,CLAVERIA,54107000,54107000.0,Claveria,53.6
1096,DIMASALANG,54108000,54108000.0,Dimasalang,44.0
1097,ESPERANZA,54109000,54109000.0,Esperanza,48.2
1098,MANDAON,54110000,54110000.0,Mandaon,41.4
1099,MASBATE,54111000,54111000.0,Masbate City,30.0
1100,MILAGROS,54112000,54112000.0,Milagros,44.6
1101,MOBO,54113000,54113000.0,Mobo,45.2
1102,MONREAL,54114000,54114000.0,Monreal,58.0
1103,PALANAS,54115000,54115000.0,Palanas,44.7
1104,PIO V. CORPUZ,54116000,54116000.0,Pio V. Corpuz,40.0
1105,PIO V. CORPUZ,54116000,54116000.0,Pio V. Corpuz,40.0
1106,LIMBUHAN,54116000,54116000.0,Pio V. Corpuz,40.0
1107,LIMBUHAN,54116000,54116000.0,Pio V. Corpuz,40.0
1108,PLACER,54117000,54117000.0,Placer,47.2
1109,SAN FERNANDO,54118000,54118000.0,San Fernando,35.9
1110,SAN JACINTO,54119000,54119000.0,San Jacinto,34.0
1111,SAN PASCUAL,54120000,54120000.0,San Pascual,57.1
1112,USON,54121000,54121000.0,Uson,47.4
1113,ALORAN,104201000,104201000.0,Aloran,34.4
1114,BALIANGAO,104202000,104202000.0,Baliangao,42.4
1115,BONIFACIO,104203000,104203000.0,Bonifacio,46.3
1116,CALAMBA,104204000,104204000.0,Calamba,26.2
1117,CLARIN,104205000,104205000.0,Clarin,30.0
1118,CONCEPCION,104206000,104206000.0,Concepcion,70.2
1119,DON VICTORIANO CHIONGBIAN,104217000,104217000.0,Don Victoriano Chiongbian,59.1
1120,DON VICTORIANO CHIONGBIAN,104217000,104217000.0,Don Victoriano Chiongbian,59.1
1121,DON VICTORIANO CHIONGBIAN,104217000,104217000.0,Don Victoriano Chiongbian,59.1
1122,DON MARIANO MARCOS,104217000,104217000.0,Don Victoriano Chiongbian,59.1
1123,DON MARIANO MARCOS,104217000,104217000.0,Don Victoriano Chiongbian,59.1
1124,DON MARIANO MARCOS,104217000,104217000.0,Don Victoriano Chiongbian,59.1
1125,DON VICTORIANO CHIONGBIAN ,104217000,104217000.0,Don Victoriano Chiongbian,59.1
1126,DON VICTORIANO CHIONGBIAN ,104217000,104217000.0,Don Victoriano Chiongbian,59.1
1127,DON VICTORIANO CHIONGBIAN ,104217000,104217000.0,Don Victoriano Chiongbian,59.1
1128,JIMENEZ,104207000,104207000.0,Jimenez,23.6
1129,LOPEZ JAENA,104208000,104208000.0,Lopez Jaena,39.6
1130,OROQUIETA,104209000,104209000.0,Oroquieta City,20.9
1131,OZAMIZ,104210000,104210000.0,Ozamis City,17.8
1132,OZAMIZ,104210000,104210000.0,Ozamis City,17.8
1133,OZAMIS,104210000,104210000.0,Ozamis City,17.8
1134,OZAMIS,104210000,104210000.0,Ozamis City,17.8
1135,PANAON,104211000,104211000.0,Panaon,27.8
1136,PLARIDEL,104212000,104212000.0,Plaridel,34.5
1137,SAPANG DALAGA,104213000,104213000.0,Sapang Dalaga,41.4
1138,SINACABAN,104214000,104214000.0,Sinacaban,29.5
1139,TANGUB,104215000,104215000.0,Tangub City,35.5
1140,TUDELA,104216000,104216000.0,Tudela,34.5
1141,ALUBIJID,104301000,104301000.0,Alubijid,36.5
1142,BALINGASAG,104302000,104302000.0,Balingasag,35.8
1143,BALINGOAN,104303000,104303000.0,Balingoan,32.6
1144,BINUANGAN,104304000,104304000.0,Binuangan,26.5
1145,CAGAYAN DE ORO,104305000,104305000.0,Cagayan De Oro City,8.9
1146,CLAVERIA,104306000,104306000.0,Claveria,44.0
1147,EL SALVADOR,104307000,104307000.0,El Salvador City,27.1
1148,GINGOOG,104308000,104308000.0,Gingoog City,29.6
1149,GITAGUM,104309000,104309000.0,Gitagum,41.6
1150,INITAO,104310000,104310000.0,Initao,31.9
1151,JASAAN,104311000,104311000.0,Jasaan,30.0
1152,KINOGUITAN,104312000,104312000.0,Kinoguitan,26.4
1153,LAGONGLONG,104313000,104313000.0,Lagonglong,32.5
1154,LAGUINDINGAN,104314000,104314000.0,Laguindingan,36.4
1155,LIBERTAD,104315000,104315000.0,Libertad,46.5
1156,LUGAIT,104316000,104316000.0,Lugait,19.3
1157,MAGSAYSAY,104317000,104317000.0,Magsaysay,50.9
1158,MAGSAYSAY,104317000,104317000.0,Magsaysay,50.9
1159,LINUGOS,104317000,104317000.0,Magsaysay,50.9
1160,LINUGOS,104317000,104317000.0,Magsaysay,50.9
1161,MANTICAO,104318000,104318000.0,Manticao,30.1
1162,MEDINA,104319000,104319000.0,Medina,18.6
1163,NAAWAN,104320000,104320000.0,Naawan,25.0
1164,OPOL,104321000,104321000.0,Opol,20.7
1165,SALAY,104322000,104322000.0,Salay,25.9
1166,SUGBONGCOGON,104323000,104323000.0,Sugbongcogon,36.6
1167,TAGOLOAN,104324000,104324000.0,Tagoloan,19.4
1168,TALISAYAN,104325000,104325000.0,Talisayan,34.3
1169,VILLANUEVA,104326000,104326000.0,Villanueva,22.1
1170,BARLIG,144401000,144401000.0,Barlig,18.0
1171,BAUKO,144402000,144402000.0,Bauko,24.5
1172,BESAO,144403000,144403000.0,Besao,23.2
1173,BONTOC,144404000,144404000.0,Bontoc,15.4
1174,NATONIN,144405000,144405000.0,Natonin,35.7
1175,PARACELIS,144406000,144406000.0,Paracelis,30.6
1176,SABANGAN,144407000,144407000.0,Sabangan,19.1
1177,SADANGA,144408000,144408000.0,Sadanga,37.4
1178,SAGADA,144409000,144409000.0,Sagada,25.4
1179,TADIAN,144410000,144410000.0,Tadian,31.6
1180,CALOOCAN,137501000,137501000.0,Caloocan City,4.4
1181,LAS PIÑAS,137601000,137601000.0,Las Piñas  City,2.9
1182,MAKATI,137602000,137602000.0,Makati  City,1.9
1183,MALABON,137502000,137502000.0,Malabon City,4.5
1184,MANDALUYONG,137401000,137401000.0,Mandaluyong  City,2.4
1185,MANILA,133900000,,,
1186,TONDO I/II,133900000,,,
1187,BINONDO,133900000,,,
1188,QUIAPO,133900000,,,
1189,SAN NICOLAS,133900000,,,
1190,SANTA CRUZ,133900000,,,
1191,SAMPALOC,133900000,,,
1192,SAN MIGUEL,133900000,,,
1193,ERMITA,133900000,,,
1194,INTRAMUROS,133900000,,,
1195,MALATE,133900000,,,
1196,PACO,133900000,,,
1197,PANDACAN,133900000,,,
1198,PORT AREA,133900000,,,
1199,SANTA ANA,133900000,,,
1200,MARIKINA,137402000,137402000.0,Marikina  City,2.6
1201,MUNTINLUPA,137603000,137603000.0,Muntinlupa  City,2.9
1202,NAVOTAS,137503000,137503000.0,Navotas City,5.5
1203,PARAÑAQUE,137604000,137604000.0,Parañaque  City,2.7
1204,PASAY,137605000,137605000.0,Pasay City,3.0
1205,PASIG,137403000,137403000.0,Pasig City,2.5
1206,PATEROS,137606000,137606000.0,Pateros,2.5
1207,QUEZON,137404000,137404000.0,Quezon City,3.3
1208,SAN JUAN,137405000,137405000.0,San Juan City,2.4
1209,TAGUIG,137607000,137607000.0,Taguig City,3.1
1210,VALENZUELA,137504000,137504000.0,Valenzuela  City,3.6
1211,BACOLOD,64501000,64501000.0,Bacolod City,9.2
1212,BAGO,64502000,64502000.0,Bago City,19.3
1213,BINALBAGAN,64503000,64503000.0,Binalbagan,21.7
1214,CADIZ,64504000,64504000.0,Cadiz City,22.5
1215,CALATRAVA,64505000,64505000.0,Calatrava,27.6
1216,CANDONI,64506000,64506000.0,Candoni,25.5
1217,CAUAYAN,64507000,64507000.0,Cauayan,27.5
1218,ENRIQUE B. MAGALONA,64508000,64508000.0,Enrique B. Magalona,19.9
1219,ENRIQUE B. MAGALONA,64508000,64508000.0,Enrique B. Magalona,19.9
1220,SARAVIA,64508000,64508000.0,Enrique B. Magalona,19.9
1221,SARAVIA,64508000,64508000.0,Enrique B. Magalona,19.9
1222,ESCALANTE,64509000,64509000.0,Escalante City,23.8
1223,HIMAMAYLAN,64510000,64510000.0,Himamaylan City,19.8
1224,HINIGARAN,64511000,64511000.0,Hinigaran,16.6
1225,HINOBA-AN,64512000,64512000.0,Hinoba-An (Asia),26.3
1226,HINOBA-AN,64512000,64512000.0,Hinoba-An (Asia),26.3
1227,ASIA,64512000,64512000.0,Hinoba-An (Asia),26.3
1228,ASIA,64512000,64512000.0,Hinoba-An (Asia),26.3
1229,ILOG,64513000,64513000.0,Ilog,19.2
1230,ISABELA,64514000,64514000.0,Isabela,26.8
1231,KABANKALAN,64515000,64515000.0,Kabankalan City,25.8
1232,LA CARLOTA,64516000,64516000.0,La Carlota City,12.3
1233,LA CASTELLANA,64517000,64517000.0,La Castellana,26.1
1234,MANAPLA,64518000,64518000.0,Manapla,21.9
1235,MOISES PADILLA,64519000,64519000.0,Moises Padilla (Magallon),31.2
1236,MOISES PADILLA,64519000,64519000.0,Moises Padilla (Magallon),31.2
1237,MAGALLON,64519000,64519000.0,Moises Padilla (Magallon),31.2
1238,MAGALLON,64519000,64519000.0,Moises Padilla (Magallon),31.2
1239,MURCIA,64520000,64520000.0,Murcia,21.6
1240,PONTEVEDRA,64521000,64521000.0,Pontevedra,16.6
1241,PULUPANDAN,64522000,64522000.0,Pulupandan,12.6
1242,SAGAY,64523000,64523000.0,Sagay City,22.5
1243,SALVADOR BENEDICTO,64532000,64532000.0,Salvador Benedicto,25.9
1244,SAN CARLOS,64524000,64524000.0,San Carlos City,24.1
1245,SAN ENRIQUE,64525000,64525000.0,San Enrique,15.7
1246,SILAY,64526000,64526000.0,Silay City,16.0
1247,SIPALAY,64527000,64527000.0,Sipalay City,24.1
1248,TALISAY,64528000,64528000.0,Talisay City,13.9
1249,TOBOSO,64529000,64529000.0,Toboso,26.6
1250,VALLADOLID,64530000,64530000.0,Valladolid,12.6
1251,VICTORIAS,64531000,64531000.0,Victorias City,17.4
1252,AMLAN,74601000,74601000.0,Amlan,27.2
1253,AMLAN,74601000,74601000.0,Amlan,27.2
1254,AYUQUITAN,74601000,74601000.0,Amlan,27.2
1255,AYUQUITAN,74601000,74601000.0,Amlan,27.2
1256,AYUNGON,74602000,74602000.0,Ayungon,52.4
1257,BACONG,74603000,74603000.0,Bacong,25.7
1258,BAIS,74604000,74604000.0,Bais City,39.7
1259,BASAY,74605000,74605000.0,Basay,53.3
1260,BAYAWAN,74606000,74606000.0,Bayawan City,49.8
1261,BAYAWAN,74606000,74606000.0,Bayawan City,49.8
1262,TULONG,74606000,74606000.0,Bayawan City,49.8
1263,TULONG,74606000,74606000.0,Bayawan City,49.8
1264,BINDOY,74607000,74607000.0,Bindoy,63.7
1265,BINDOY,74607000,74607000.0,Bindoy,63.7
1266,PAYABON,74607000,74607000.0,Bindoy,63.7
1267,PAYABON,74607000,74607000.0,Bindoy,63.7
1268,CANLAON,74608000,74608000.0,Canlaon City,35.0
1269,DAUIN,74609000,74609000.0,Dauin,34.7
1270,DUMAGUETE,74610000,74610000.0,Dumaguete City,11.8
1271,GUIHULNGAN,74611000,74611000.0,Guihulngan City,54.0
1272,JIMALALUD,74612000,74612000.0,Jimalalud,62.5
1273,LA LIBERTAD,74613000,74613000.0,La Libertad,57.5
1274,MABINAY,74614000,74614000.0,Mabinay,52.7
1275,MANJUYOD,74615000,74615000.0,Manjuyod,41.1
1276,PAMPLONA,74616000,74616000.0,Pamplona,40.3
1277,SAN JOSE,74617000,74617000.0,San Jose,32.5
1278,SANTA CATALINA,74618000,74618000.0,Santa Catalina,45.6
1279,SIATON,74619000,74619000.0,Siaton,52.9
1280,SIBULAN,74620000,74620000.0,Sibulan,21.6
1281,TANJAY,74621000,74621000.0,Tanjay City,31.4
1282,TAYASAN,74622000,74622000.0,Tayasan,52.8
1283,VALENCIA,74623000,74623000.0,Valencia,25.2
1284,VALENCIA,74623000,74623000.0,Valencia,25.2
1285,LUZURRIAGA,74623000,74623000.0,Valencia,25.2
1286,LUZURRIAGA,74623000,74623000.0,Valencia,25.2
1287,VALLEHERMOSO,74624000,74624000.0,Vallehermoso,51.4
1288,ZAMBOANGUITA,74625000,74625000.0,Zamboanguita,39.9
1289,ALLEN,84801000,84801000.0,Allen,33.4
1290,BIRI,84802000,84802000.0,Biri,49.0
1291,BOBON,84803000,84803000.0,Bobon,41.7
1292,CAPUL,84804000,84804000.0,Capul,51.2
1293,CATARMAN,84805000,84805000.0,Catarman,36.0
1294,CATUBIG,84806000,84806000.0,Catubig,49.3
1295,GAMAY,84807000,84807000.0,Gamay,44.3
1296,LAOANG,84808000,84808000.0,Laoang,46.0
1297,LAPINIG,84809000,84809000.0,Lapinig,48.5
1298,LAS NAVAS,84810000,84810000.0,Las Navas,62.3
1299,LAVEZARES,84811000,84811000.0,Lavezares,44.3
1300,LOPE DE VEGA,84824000,84824000.0,Lope De Vega,56.9
1301,MAPANAS,84812000,84812000.0,Mapanas,52.8
1302,MONDRAGON,84813000,84813000.0,Mondragon,51.8
1303,PALAPAG,84814000,84814000.0,Palapag,48.2
1304,PAMBUJAN,84815000,84815000.0,Pambujan,54.1
1305,ROSARIO,84816000,84816000.0,Rosario,45.2
1306,SAN ANTONIO,84817000,84817000.0,San Antonio,43.2
1307,SAN ISIDRO,84818000,84818000.0,San Isidro,38.0
1308,SAN JOSE,84819000,84819000.0,San Jose,40.0
1309,SAN ROQUE,84820000,84820000.0,San Roque,53.4
1310,SAN VICENTE,84821000,84821000.0,San Vicente,53.2
1311,SILVINO LOBOS,84822000,84822000.0,Silvino Lobos,78.5
1312,VICTORIA,84823000,84823000.0,Victoria,42.3
1313,ALIAGA,34901000,34901000.0,Aliaga,16.4
1314,BONGABON,34902000,34902000.0,Bongabon,14.8
1315,CABANATUAN,34903000,34903000.0,Cabanatuan City,12.4
1316,CABIAO,34904000,34904000.0,Cabiao,14.8
1317,CARRANGLAN,34905000,34905000.0,Carranglan,17.5
1318,CUYAPO,34906000,34906000.0,Cuyapo,21.4
1319,GABALDON,34907000,34907000.0,Gabaldon,17.8
1320,GABALDON,34907000,34907000.0,Gabaldon,17.8
1321,BITULOK & SABANI,34907000,34907000.0,Gabaldon,17.8
1322,BITULOK & SABANI,34907000,34907000.0,Gabaldon,17.8
1323,GAPAN,34908000,34908000.0,Gapan City,14.6
1324,GENERAL MAMERTO NATIVIDAD,34909000,34909000.0,General Mamerto Natividad,16.7
1325,GENERAL TINIO,34910000,34910000.0,General Tinio,14.9
1326,GENERAL TINIO,34910000,34910000.0,General Tinio,14.9
1327,PAPAYA,34910000,34910000.0,General Tinio,14.9
1328,PAPAYA,34910000,34910000.0,General Tinio,14.9
1329,GUIMBA,34911000,34911000.0,Guimba,18.9
1330,JAEN,34912000,34912000.0,Jaen,17.0
1331,LAUR,34913000,34913000.0,Laur,21.0
1332,LICAB,34914000,34914000.0,Licab,18.6
1333,LLANERA,34915000,34915000.0,Llanera,13.0
1334,LUPAO,34916000,34916000.0,Lupao,20.4
1335,MUÑOZ,34917000,34917000.0,Muñoz City,14.1
1336,NAMPICUAN,34918000,34918000.0,Nampicuan,19.1
1337,PALAYAN,34919000,34919000.0,Palayan City,14.5
1338,PANTABANGAN,34920000,34920000.0,Pantabangan,24.9
1339,PEÑARANDA,34921000,34921000.0,Peñaranda,13.7
1340,QUEZON,34922000,34922000.0,Quezon,18.0
1341,RIZAL,34923000,34923000.0,Rizal,15.2
1342,SAN ANTONIO,34924000,34924000.0,San Antonio,14.8
1343,SAN ISIDRO,34925000,34925000.0,San Isidro,10.2
1344,SAN JOSE,34926000,34926000.0,San Jose City,13.2
1345,SAN LEONARDO,34927000,34927000.0,San Leonardo,15.8
1346,SANTA ROSA,34928000,34928000.0,Santa Rosa,13.3
1347,SANTO DOMINGO,34929000,34929000.0,Santo Domingo,14.3
1348,TALAVERA,34930000,34930000.0,Talavera,13.0
1349,TALUGTUG,34931000,34931000.0,Talugtug,23.9
1350,ZARAGOZA,34932000,34932000.0,Zaragoza,13.2
1351,ALFONSO CASTAÑEDA,25015000,25015000.0,Alfonso Castaneda,19.7
1352,AMBAGUIO,25001000,25001000.0,Ambaguio,23.9
1353,ARITAO,25002000,25002000.0,Aritao,16.5
1354,BAGABAG,25003000,25003000.0,Bagabag,8.7
1355,BAMBANG,25004000,25004000.0,Bambang,8.4
1356,BAYOMBONG,25005000,25005000.0,Bayombong,6.3
1357,DIADI,25006000,25006000.0,Diadi,15.0
1358,DUPAX DEL NORTE,25007000,25007000.0,Dupax del Norte,12.8
1359,DUPAX DEL SUR,25008000,25008000.0,Dupax del Sur,14.4
1360,KASIBU,25009000,25009000.0,Kasibu,17.8
1361,KAYAPA,25010000,25010000.0,Kayapa,21.1
1362,QUEZON,25011000,25011000.0,Quezon,13.3
1363,SANTA FE,25012000,25012000.0,Santa Fe,15.1
1364,SOLANO,25013000,25013000.0,Solano,6.6
1365,VILLAVERDE,25014000,25014000.0,Villaverde,9.8
1366,ABRA DE ILOG,175101000,175101000.0,Abra de Ilog,34.8
1367,CALINTAAN,175102000,175102000.0,Calintaan,29.8
1368,LOOC,175103000,175103000.0,Looc,23.1
1369,LUBANG,175104000,175104000.0,Lubang,14.8
1370,MAGSAYSAY,175105000,175105000.0,Magsaysay,41.4
1371,MAMBURAO,175106000,175106000.0,Mamburao,21.1
1372,PALUAN,175107000,175107000.0,Paluan,40.6
1373,RIZAL,175108000,175108000.0,Rizal,36.5
1374,SABLAYAN,175109000,175109000.0,Sablayan,28.6
1375,SAN JOSE,175110000,175110000.0,San Jose,22.7
1376,SANTA CRUZ,175111000,175111000.0,Santa Cruz,28.4
1377,BACO,175201000,175201000.0,Baco,25.3
1378,BANSUD,175202000,175202000.0,Bansud,26.6
1379,BONGABONG,175203000,175203000.0,Bongabong,25.0
1380,BULALACAO,175204000,175204000.0,Bulalacao,41.0
1381,BULALACAO,175204000,175204000.0,Bulalacao,41.0
1382,SAN PEDRO,175204000,175204000.0,Bulalacao,41.0
1383,SAN PEDRO,175204000,175204000.0,Bulalacao,41.0
1384,CALAPAN,175205000,175205000.0,Calapan City,9.3
1385,GLORIA,175206000,175206000.0,Gloria,16.9
1386,MANSALAY,175207000,175207000.0,Mansalay,31.8
1387,NAUJAN,175208000,175208000.0,Naujan,19.0
1388,PINAMALAYAN,175209000,175209000.0,Pinamalayan,19.7
1389,POLA,175210000,175210000.0,Pola,18.3
1390,PUERTO GALERA,175211000,175211000.0,Puerto Galera,7.9
1391,ROXAS,175212000,175212000.0,Roxas,19.2
1392,SAN TEODORO,175213000,175213000.0,San Teodoro,22.4
1393,SOCORRO,175214000,175214000.0,Socorro,17.2
1394,VICTORIA,175215000,175215000.0,Victoria,17.4
1395,ABORLAN,175301000,175301000.0,Aborlan,21.6
1396,AGUTAYA,175302000,175302000.0,Agutaya,17.5
1397,ARACELI,175303000,175303000.0,Araceli,21.2
1398,BALABAC,175304000,175304000.0,Balabac,50.4
1399,BATARAZA,175305000,175305000.0,Bataraza,40.3
1400,BROOKE'S POINT,175306000,175306000.0,Brooke's Point,32.0
1401,BUSUANGA,175307000,175307000.0,Busuanga,22.6
1402,CAGAYANCILLO,175308000,175308000.0,Cagayancillo,31.6
1403,CORON,175309000,175309000.0,Coron,19.7
1404,CULION,175322000,175322000.0,Culion,24.9
1405,CUYO,175310000,175310000.0,Cuyo,10.0
1406,DUMARAN,175311000,175311000.0,Dumaran,24.3
1407,EL NIDO,175312000,175312000.0,El Nido,22.1
1408,EL NIDO,175312000,175312000.0,El Nido,22.1
1409,BACUIT,175312000,175312000.0,El Nido,22.1
1410,BACUIT,175312000,175312000.0,El Nido,22.1
1411,KALAYAAN,175321000,,,
1412,LINAPACAN,175313000,175313000.0,Linapacan,37.7
1413,MAGSAYSAY,175314000,175314000.0,Magsaysay,17.3
1414,NARRA,175315000,175315000.0,Narra,18.3
1415,PUERTO PRINCESA,175316000,175316000.0,Puerto Princesa City,11.3
1416,QUEZON,175317000,175317000.0,Quezon,39.1
1417,RIZAL,175323000,175323000.0,Rizal,40.5
1418,RIZAL,175323000,175323000.0,Rizal,40.5
1419,MARCOS,175323000,175323000.0,Rizal,40.5
1420,MARCOS,175323000,175323000.0,Rizal,40.5
1421,ROXAS,175318000,175318000.0,Roxas,18.3
1422,SAN VICENTE,175319000,175319000.0,San Vicente,21.6
1423,SOFRONIO ESPAÑOLA,175324000,175324000.0,Sofronio Española,30.4
1424,TAYTAY,175320000,175320000.0,Taytay,27.4
1425,ANGELES,35401000,35401000.0,Angeles City,6.7
1426,APALIT,35402000,35402000.0,Apalit,7.1
1427,ARAYAT,35403000,35403000.0,Arayat,9.5
1428,BACOLOR,35404000,35404000.0,Bacolor,9.4
1429,CANDABA,35405000,35405000.0,Candaba,12.5
1430,FLORIDABLANCA,35406000,35406000.0,Floridablanca,13.1
1431,GUAGUA,35407000,35407000.0,Guagua,7.7
1432,LUBAO,35408000,35408000.0,Lubao,8.9
1433,MABALACAT,35409000,35409000.0,Mabalacat City,8.0
1434,MACABEBE,35410000,35410000.0,Macabebe,11.3
1435,MAGALANG,35411000,35411000.0,Magalang,9.7
1436,MASANTOL,35412000,35412000.0,Masantol,20.0
1437,MEXICO,35413000,35413000.0,Mexico,8.8
1438,MINALIN,35414000,35414000.0,Minalin,8.8
1439,PORAC,35415000,35415000.0,Porac,11.1
1440,SAN FERNANDO,35416000,35416000.0,San Fernando City,6.5
1441,SAN LUIS,35417000,35417000.0,San Luis,9.6
1442,SAN SIMON,35418000,35418000.0,San Simon,12.2
1443,SANTA ANA,35419000,35419000.0,Santa Ana,8.8
1444,SANTA RITA,35420000,35420000.0,Santa Rita,7.0
1445,SANTO TOMAS,35421000,35421000.0,Santo Tomas,5.3
1446,SASMUAN,35422000,35422000.0,Sasmuan,15.9
1447,SASMUAN,35422000,35422000.0,Sasmuan,15.9
1448,SEXMOAN,35422000,35422000.0,Sasmuan,15.9
1449,SEXMOAN,35422000,35422000.0,Sasmuan,15.9
1450,AGNO,15501000,15501000.0,Agno,16.6
1451,AGUILAR,15502000,15502000.0,Aguilar,16.6
1452,ALAMINOS,15503000,15503000.0,Alaminos City,12.4
1453,ALCALA,15504000,15504000.0,Alcala,12.4
1454,ANDA,15505000,15505000.0,Anda,11.5
1455,ASINGAN,15506000,15506000.0,Asingan,9.4
1456,BALUNGAO,15507000,15507000.0,Balungao,11.0
1457,BANI,15508000,15508000.0,Bani,11.8
1458,BASISTA,15509000,15509000.0,Basista,17.6
1459,BAUTISTA,15510000,15510000.0,Bautista,14.1
1460,BAYAMBANG,15511000,15511000.0,Bayambang,13.9
1461,BINALONAN,15512000,15512000.0,Binalonan,8.8
1462,BINMALEY,15513000,15513000.0,Binmaley,9.2
1463,BOLINAO,15514000,15514000.0,Bolinao,16.9
1464,BUGALLON,15515000,15515000.0,Bugallon,14.7
1465,BURGOS,15516000,15516000.0,Burgos,13.7
1466,CALASIAO,15517000,15517000.0,Calasiao,8.7
1467,DAGUPAN,15518000,15518000.0,Dagupan City,9.2
1468,DASOL,15519000,15519000.0,Dasol,12.8
1469,INFANTA,15520000,15520000.0,Infanta,14.2
1470,LABRADOR,15521000,15521000.0,Labrador,11.0
1471,LAOAC,15548000,15548000.0,Laoac,10.7
1472,LINGAYEN,15522000,15522000.0,Lingayen,10.6
1473,MABINI,15523000,15523000.0,Mabini,14.9
1474,MALASIQUI,15524000,15524000.0,Malasiqui,12.3
1475,MANAOAG,15525000,15525000.0,Manaoag,11.6
1476,MANGALDAN,15526000,15526000.0,Mangaldan,11.5
1477,MANGATAREM,15527000,15527000.0,Mangatarem,14.7
1478,MAPANDAN,15528000,15528000.0,Mapandan,11.4
1479,NATIVIDAD,15529000,15529000.0,Natividad,11.7
1480,POZORRUBIO,15530000,15530000.0,Pozorrubio,10.2
1481,ROSALES,15531000,15531000.0,Rosales,13.3
1482,SAN CARLOS,15532000,15532000.0,San Carlos City,12.3
1483,SAN FABIAN,15533000,15533000.0,San Fabian,10.1
1484,SAN JACINTO,15534000,15534000.0,San Jacinto,11.5
1485,SAN MANUEL,15535000,15535000.0,San Manuel,12.4
1486,SAN NICOLAS,15536000,15536000.0,San Nicolas,13.1
1487,SAN QUINTIN,15537000,15537000.0,San Quintin,12.6
1488,SANTA BARBARA,15538000,15538000.0,Santa Barbara,11.7
1489,SANTA MARIA,15539000,15539000.0,Santa Maria,11.8
1490,SANTO TOMAS,15540000,15540000.0,Santo Tomas,12.2
1491,SISON,15541000,15541000.0,Sison,10.0
1492,SUAL,15542000,15542000.0,Sual,13.5
1493,TAYUG,15543000,15543000.0,Tayug,11.3
1494,UMINGAN,15544000,15544000.0,Umingan,12.5
1495,URBIZTONDO,15545000,15545000.0,Urbiztondo,18.9
1496,URDANETA,15546000,15546000.0,Urdaneta City,9.8
1497,VILLASIS,15547000,15547000.0,Villasis,10.2
1498,AGDANGAN,45601000,45601000.0,Agdangan,15.2
1499,ALABAT,45602000,45602000.0,Alabat,7.6
1500,ATIMONAN,45603000,45603000.0,Atimonan,27.5
1501,BUENAVISTA,45605000,45605000.0,Buenavista,38.5
1502,BURDEOS,45606000,45606000.0,Burdeos,40.9
1503,CALAUAG,45607000,45607000.0,Calauag,24.5
1504,CANDELARIA,45608000,45608000.0,Candelaria,6.2
1505,CATANAUAN,45610000,45610000.0,Catanauan,26.2
1506,DOLORES,45615000,45615000.0,Dolores,9.5
1507,GENERAL LUNA,45616000,45616000.0,General Luna,27.5
1508,GENERAL NAKAR,45617000,45617000.0,General Nakar,31.5
1509,GUINAYANGAN,45618000,45618000.0,Guinayangan,22.5
1510,GUMACA,45619000,45619000.0,Gumaca,13.1
1511,INFANTA,45620000,45620000.0,Infanta,11.9
1512,JOMALIG,45621000,45621000.0,Jomalig,45.5
1513,LOPEZ,45622000,45622000.0,Lopez,22.4
1514,LUCBAN,45623000,45623000.0,Lucban,3.8
1515,LUCENA,45624000,45624000.0,Lucena City,5.9
1516,MACALELON,45625000,45625000.0,Macalelon,28.9
1517,MAUBAN,45627000,45627000.0,Mauban,18.1
1518,MULANAY,45628000,45628000.0,Mulanay,34.3
1519,PADRE BURGOS,45629000,45629000.0,Padre Burgos,20.9
1520,PAGBILAO,45630000,45630000.0,Pagbilao,10.1
1521,PANUKULAN,45631000,45631000.0,Panukulan,39.5
1522,PATNANUNGAN,45632000,45632000.0,Patnanungan,45.2
1523,PEREZ,45633000,45633000.0,Perez,33.6
1524,PITOGO,45634000,45634000.0,Pitogo,25.4
1525,PLARIDEL,45635000,45635000.0,Plaridel,14.1
1526,POLILLO,45636000,45636000.0,Polillo,24.5
1527,QUEZON,45637000,45637000.0,Quezon,26.2
1528,REAL,45638000,45638000.0,Real,23.4
1529,SAMPALOC,45639000,45639000.0,Sampaloc,11.4
1530,SAN ANDRES,45640000,45640000.0,San Andres,43.8
1531,SAN ANTONIO,45641000,45641000.0,San Antonio,19.2
1532,SAN FRANCISCO,45642000,45642000.0,San Francisco (Aurora),39.3
1533,SAN FRANCISCO,45642000,45642000.0,San Francisco (Aurora),39.3
1534,AURORA,45642000,45642000.0,San Francisco (Aurora),39.3
1535,AURORA,45642000,45642000.0,San Francisco (Aurora),39.3
1536,SAN NARCISO,45644000,45644000.0,San Narciso,35.3
1537,SARIAYA,45645000,45645000.0,Sariaya,19.8
1538,TAGKAWAYAN,45646000,45646000.0,Tagkawayan,23.8
1539,TAYABAS,45647000,45647000.0,Tayabas City,8.8
1540,TIAONG,45648000,45648000.0,Tiaong,8.6
1541,UNISAN,45649000,45649000.0,Unisan,20.9
1542,AGLIPAY,25701000,25701000.0,Aglipay,14.1
1543,CABARROGUIS,25702000,25702000.0,Cobarronguis,10.8
1544,DIFFUN,25703000,25703000.0,Diffun,13.4
1545,MADDELA,25704000,25704000.0,Maddela,11.0
1546,NAGTIPUNAN,25706000,25706000.0,Nagtipunan,19.6
1547,SAGUDAY,25705000,25705000.0,Saguday,10.1
1548,ANGONO,45801000,45801000.0,Angono,4.3
1549,ANTIPOLO,45802000,45802000.0,Antipolo City,5.8
1550,BARAS,45803000,45803000.0,Baras,8.5
1551,BINANGONAN,45804000,45804000.0,Binangonan,6.5
1552,CAINTA,45805000,45805000.0,Cainta,0.7
1553,CARDONA,45806000,45806000.0,Cardona,10.1
1554,JALAJALA,45807000,45807000.0,Jala-Jala,17.7
1555,MORONG,45809000,45809000.0,Morong,4.9
1556,PILILLA,45810000,45810000.0,Pililla,8.0
1557,RODRIGUEZ,45808000,45808000.0,Rodriguez (Montalban) ,4.5
1558,RODRIGUEZ,45808000,45808000.0,Rodriguez (Montalban) ,4.5
1559,MONTALBAN,45808000,45808000.0,Rodriguez (Montalban) ,4.5
1560,MONTALBAN,45808000,45808000.0,Rodriguez (Montalban) ,4.5
1561,SAN MATEO,45811000,45811000.0,San Mateo,5.4
1562,TANAY,45812000,45812000.0,Tanay,11.6
1563,TAYTAY,45813000,45813000.0,Taytay,3.5
1564,TERESA,45814000,45814000.0,Teresa,6.0
1565,ALCANTARA,175901000,175901000.0,Alcantara,30.3
1566,BANTON,175902000,175902000.0,Banton,25.0
1567,CAJIDIOCAN,175903000,175903000.0,Cajidiocan,36.5
1568,CALATRAVA,175904000,175904000.0,Calatrava,34.0
1569,CONCEPCION,175905000,175905000.0,Concepcion,22.6
1570,CORCUERA,175906000,175906000.0,Corcuera,34.0
1571,FERROL,175916000,175916000.0,Ferrol,33.2
1572,LOOC,175907000,175907000.0,Looc,24.7
1573,MAGDIWANG,175908000,175908000.0,Magdiwang,35.3
1574,ODIONGAN,175909000,175909000.0,Odiongan,18.0
1575,ROMBLON,175910000,175910000.0,Romblon,28.3
1576,SAN AGUSTIN,175911000,175911000.0,San Agustin,37.1
1577,SAN ANDRES,175912000,175912000.0,San Andres,30.0
1578,SAN FERNANDO,175913000,175913000.0,San Fernando,37.7
1579,SAN JOSE,175914000,175914000.0,San Jose,33.9
1580,SANTA FE,175915000,175915000.0,Santa Fe,32.7
1581,SANTA MARIA,175917000,175917000.0,Santa Maria,29.8
1582,SANTA MARIA,175917000,175917000.0,Santa Maria,29.8
1583,IMELDA,175917000,175917000.0,Santa Maria,29.8
1584,IMELDA,175917000,175917000.0,Santa Maria,29.8
1585,ALMAGRO,86001000,86001000.0,Almagro,39.8
1586,BASEY,86002000,86002000.0,Basey,36.6
1587,CALBAYOG,86003000,86003000.0,Calbayog City,35.8
1588,CALBIGA,86004000,86004000.0,Calbiga,37.4
1589,CATBALOGAN,86005000,86005000.0,Catbalogan City,27.0
1590,DARAM,86006000,86006000.0,Daram,50.6
1591,GANDARA,86007000,86007000.0,Gandara,45.9
1592,HINABANGAN,86008000,86008000.0,Hinabangan,39.4
1593,JIABONG,86009000,86009000.0,Jiabong,44.0
1594,MARABUT,86010000,86010000.0,Marabut,37.4
1595,MATUGUINAO,86011000,86011000.0,Matuguinao,60.3
1596,MOTIONG,86012000,86012000.0,Motiong,48.5
1597,PAGSANGHAN,86026000,86026000.0,Pagsanghan,37.3
1598,PARANAS,86022000,86022000.0,Paranas (Wright),39.2
1599,PARANAS,86022000,86022000.0,Paranas (Wright),39.2
1600,WRIGHT,86022000,86022000.0,Paranas (Wright),39.2
1601,WRIGHT,86022000,86022000.0,Paranas (Wright),39.2
1602,PINABACDAO,86013000,86013000.0,Pinabacdao,45.5
1603,SAN JORGE,86025000,86025000.0,San Jorge,45.5
1604,SAN JOSE DE BUAN,86014000,86014000.0,San Jose de Buan,55.7
1605,SAN SEBASTIAN,86015000,86015000.0,San Sebastian,41.0
1606,SANTA MARGARITA,86016000,86016000.0,Santa Margarita,36.4
1607,SANTA RITA,86017000,86017000.0,Santa Rita,45.0
1608,SANTO NIÑO,86018000,86018000.0,Santo Niño,46.0
1609,TAGAPUL-AN,86024000,86024000.0,Tagapul-an,50.9
1610,TALALORA,86019000,86019000.0,Talalora,47.1
1611,TARANGNAN,86020000,86020000.0,Tarangnan,43.4
1612,VILLAREAL,86021000,86021000.0,Villareal,44.7
1613,ZUMARRAGA,86023000,86023000.0,Zumarraga,49.9
1614,ALABEL,128001000,128001000.0,Alabel,44.7
1615,GLAN,128002000,128002000.0,Glan,52.6
1616,KIAMBA,128003000,128003000.0,Kiamba,48.0
1617,MAASIM,128004000,128004000.0,Maasim,48.2
1618,MAITUM,128005000,128005000.0,Maitum,47.7
1619,MALAPATAN,128006000,128006000.0,Malapatan,60.9
1620,MALUNGON,128007000,128007000.0,Malungon,48.3
1621,ENRIQUE VILLANUEVA,76101000,76101000.0,Enrique Villanueva,23.0
1622,LARENA,76102000,76102000.0,Larena,17.1
1623,LAZI,76103000,76103000.0,Lazi,35.8
1624,MARIA,76104000,76104000.0,Maria,37.7
1625,SAN JUAN,76105000,76105000.0,San Juan,28.3
1626,SIQUIJOR,76106000,76106000.0,Siquijor,25.2
1627,BARCELONA,56202000,56202000.0,Barcelona,37.7
1628,BULAN,56203000,56203000.0,Bulan,37.2
1629,BULUSAN,56204000,56204000.0,Bulusan,37.0
1630,CASIGURAN,56205000,56205000.0,Casiguran,40.2
1631,CASTILLA,56206000,56206000.0,Castilla,45.2
1632,DONSOL,56207000,56207000.0,Donsol,46.8
1633,GUBAT,56208000,56208000.0,Gubat,30.5
1634,IROSIN,56209000,56209000.0,Irosin,37.3
1635,JUBAN,56210000,56210000.0,Juban,40.2
1636,MAGALLANES,56211000,56211000.0,Magallanes,45.0
1637,MATNOG,56212000,56212000.0,Matnog,45.2
1638,PILAR,56213000,56213000.0,Pilar,47.5
1639,PRIETO DIAZ,56214000,56214000.0,Prieto Diaz,42.4
1640,SANTA MAGDALENA,56215000,56215000.0,Santa Magdalena,43.1
1641,SORSOGON,56216000,56216000.0,Sorsogon City,28.5
1642,BANGA,126302000,126302000.0,Banga,34.4
1643,GENERAL SANTOS,126303000,126303000.0,General Santos City,23.5
1644,GENERAL SANTOS,126303000,126303000.0,General Santos City,23.5
1645,DADIANGAS,126303000,126303000.0,General Santos City,23.5
1646,DADIANGAS,126303000,126303000.0,General Santos City,23.5
1647,KORONADAL,126306000,126306000.0,Koronodal City,22.4
1648,LAKE SEBU,126319000,126319000.0,Lake Sebu,64.0
1649,NORALA,126311000,126311000.0,Norala,31.0
1650,POLOMOLOK,126312000,126312000.0,Polomolok,24.6
1651,SANTO NIÑO,126318000,126318000.0,Santo Niño,25.3
1652,SURALLAH,126313000,126313000.0,Surallah,33.9
1653,T'BOLI,126316000,126316000.0,T'boli,59.0
1654,TAMPAKAN,126314000,126314000.0,Tampakan,36.6
1655,TANTANGAN,126315000,126315000.0,Tantangan,35.8
1656,TUPI,126317000,126317000.0,Tupi,39.2
1657,ANAHAWAN,86401000,86401000.0,Anahawan,36.6
1658,BONTOC,86402000,86402000.0,Bontoc,41.6
1659,HINUNANGAN,86403000,86403000.0,Hinunangan,40.2
1660,HINUNDAYAN,86404000,86404000.0,Hinundayan,37.1
1661,LIBAGON,86405000,86405000.0,Libagon,42.2
1662,LILOAN,86406000,86406000.0,Liloan,44.4
1663,LIMASAWA,86419000,86419000.0,Limasawa,38.3
1664,MAASIN,86407000,86407000.0,Maasin City,33.0
1665,MACROHON,86408000,86408000.0,Macrohon,37.3
1666,MALITBOG,86409000,86409000.0,Malitbog,46.2
1667,PADRE BURGOS,86410000,86410000.0,Padre Burgos,34.6
1668,PINTUYAN,86411000,86411000.0,Pintuyan,41.3
1669,SAINT BERNARD,86412000,86412000.0,Saint Bernard,40.2
1670,SAN FRANCISCO,86413000,86413000.0,San Francisco,41.4
1671,SAN JUAN,86414000,86414000.0,San Juan (Cabalian),35.2
1672,SAN JUAN,86414000,86414000.0,San Juan (Cabalian),35.2
1673,CABALIAN,86414000,86414000.0,San Juan (Cabalian),35.2
1674,CABALIAN,86414000,86414000.0,San Juan (Cabalian),35.2
1675,SAN RICARDO,86415000,86415000.0,San Ricardo,43.8
1676,SILAGO,86416000,86416000.0,Silago,41.7
1677,SOGOD,86417000,86417000.0,Sogod,35.6
1678,TOMAS OPPUS,86418000,86418000.0,Tomas Oppus,39.7
1679,BAGUMBAYAN,126501000,126501000.0,Bagumbayan,40.2
1680,COLUMBIO,126502000,126502000.0,Columbio,50.3
1681,ESPERANZA,126503000,126503000.0,Esperanza,33.4
1682,ISULAN,126504000,126504000.0,Isulan,25.8
1683,KALAMANSIG,126505000,126505000.0,Kalamansig,53.8
1684,LAMBAYONG,126508000,126508000.0,Lambayong,43.0
1685,LAMBAYONG,126508000,126508000.0,Lambayong,43.0
1686,MARIANO MARCOS,126508000,126508000.0,Lambayong,43.0
1687,MARIANO MARCOS,126508000,126508000.0,Lambayong,43.0
1688,LEBAK,126506000,126506000.0,Lebak,51.7
1689,LUTAYAN,126507000,126507000.0,Lutayan,54.0
1690,PALIMBANG,126509000,126509000.0,Palimbang,64.3
1691,PRESIDENT QUIRINO,126510000,126510000.0,President Quirino,30.1
1692,SENATOR NINOY AQUINO,126512000,126512000.0,Sen. Ninoy Aquino,51.0
1693,TACURONG,126511000,126511000.0,Tacurong City,16.4
1694,BANGUINGUI,156615000,156615000.0,Tongkil,51.3
1695,HADJI PANGLIMA TAHIL,156606000,156606000.0,Hadji Panglima Tahil (Marunggas),50.1
1696,HADJI PANGLIMA TAHIL,156606000,156606000.0,Hadji Panglima Tahil (Marunggas),50.1
1697,MARUNGGAS,156606000,156606000.0,Hadji Panglima Tahil (Marunggas),50.1
1698,MARUNGGAS,156606000,156606000.0,Hadji Panglima Tahil (Marunggas),50.1
1699,INDANAN,156601000,156601000.0,Indanan,50.2
1700,JOLO,156602000,156602000.0,Jolo,40.7
1701,KALINGALAN CALUANG,156603000,156603000.0,Kalingalan Caluang,49.2
1702,LUGUS,156617000,156617000.0,Lugus,52.9
1703,LUUK,156604000,156604000.0,Luuk,51.9
1704,MAIMBUNG,156605000,156605000.0,Maimbung,51.2
1705,OLD PANAMAO,156607000,156607000.0,Old Panamao,59.7
1706,OMAR,156619000,156619000.0,Omar,53.6
1707,PANDAMI,156618000,156618000.0,Pandami,49.2
1708,PANGLIMA ESTINO,156616000,156616000.0,Panglima Estino (New Panamao),62.8
1709,PANGLIMA ESTINO,156616000,156616000.0,Panglima Estino (New Panamao),62.8
1710,NEW PANAMAO,156616000,156616000.0,Panglima Estino (New Panamao),62.8
1711,NEW PANAMAO,156616000,156616000.0,Panglima Estino (New Panamao),62.8
1712,PANGUTARAN,156608000,156608000.0,Pangutaran,48.3
1713,PARANG,156609000,156609000.0,Parang,55.0
1714,PATA,156610000,156610000.0,Pata,59.4
1715,PATIKUL,156611000,156611000.0,Patikul,40.2
1716,SIASI,156612000,156612000.0,Siasi,46.1
1717,TALIPAO,156613000,156613000.0,Talipao,58.1
1718,TAPUL,156614000,156614000.0,Tapul,48.6
1719,ALEGRIA,166701000,166701000.0,Alegria,36.2
1720,BACUAG,166702000,166702000.0,Bacuag,35.8
1721,BURGOS,166704000,166704000.0,Burgos,34.1
1722,CLAVER,166706000,166706000.0,Claver,34.3
1723,DAPA,166707000,166707000.0,Dapa,39.9
1724,DEL CARMEN,166708000,166708000.0,Del Carmen,37.2
1725,GENERAL LUNA,166710000,166710000.0,General Luna,41.1
1726,GIGAQUIT,166711000,166711000.0,Gigaquit,40.5
1727,MAINIT,166714000,166714000.0,Mainit,39.1
1728,MALIMONO,166715000,166715000.0,Malimono,42.9
1729,PILAR,166716000,166716000.0,Pilar,36.8
1730,PLACER,166717000,166717000.0,Placer,34.4
1731,SAN BENITO,166718000,166718000.0,San Benito,39.9
1732,SAN FRANCISCO,166719000,166719000.0,San Francisco (Anao-Aon),35.7
1733,SAN FRANCISCO,166719000,166719000.0,San Francisco (Anao-Aon),35.7
1734,ANAO-AON,166719000,166719000.0,San Francisco (Anao-Aon),35.7
1735,ANAO-AON,166719000,166719000.0,San Francisco (Anao-Aon),35.7
1736,SAN ISIDRO,166720000,166720000.0,San Isidro,36.6
1737,SANTA MONICA,166721000,166721000.0,Santa Monica (Sapao),33.1
1738,SANTA MONICA,166721000,166721000.0,Santa Monica (Sapao),33.1
1739,SAPAO,166721000,166721000.0,Santa Monica (Sapao),33.1
1740,SAPAO,166721000,166721000.0,Santa Monica (Sapao),33.1
1741,SISON,166722000,166722000.0,Sison,36.8
1742,SOCORRO,166723000,166723000.0,Socorro,38.5
1743,SURIGAO,166724000,166724000.0,Surigao City,29.4
1744,TAGANA-AN,166725000,166725000.0,Tagana-an,45.3
1745,TUBOD,166727000,166727000.0,Tubod,30.6
1746,BAROBO,166801000,166801000.0,Barobo,43.8
1747,BAYABAS,166802000,166802000.0,Bayabas,41.1
1748,BISLIG,166803000,166803000.0,Bislig City,32.4
1749,CAGWAIT,166804000,166804000.0,Cagwait,37.0
1750,CANTILAN,166805000,166805000.0,Cantilan,28.6
1751,CARMEN,166806000,166806000.0,Carmen,34.2
1752,CARRASCAL,166807000,166807000.0,Carrascal,35.6
1753,CORTES,166808000,166808000.0,Cortes,37.2
1754,HINATUAN,166809000,166809000.0,Hinatuan,40.3
1755,LANUZA,166810000,166810000.0,Lanuza,37.3
1756,LIANGA,166811000,166811000.0,Lianga,38.7
1757,LINGIG,166812000,166812000.0,Lingig,45.3
1758,MADRID,166813000,166813000.0,Madrid,30.5
1759,MARIHATAG,166814000,166814000.0,Marihatag,45.6
1760,SAN AGUSTIN,166815000,166815000.0,San Agustin,41.5
1761,SAN MIGUEL,166816000,166816000.0,San Miguel,45.5
1762,TAGBINA,166817000,166817000.0,Tagbina,41.7
1763,TAGO,166818000,166818000.0,Tago,39.0
1764,TANDAG,166819000,166819000.0,Tandag City,29.6
1765,ANAO,36901000,36901000.0,Anao,10.5
1766,BAMBAN,36902000,36902000.0,Bamban,12.6
1767,CAMILING,36903000,36903000.0,Camiling,14.6
1768,CAPAS,36904000,36904000.0,Capas,13.3
1769,CONCEPCION,36905000,36905000.0,Concepcion,14.0
1770,GERONA,36906000,36906000.0,Gerona,12.8
1771,LA PAZ,36907000,36907000.0,La Paz,16.6
1772,MAYANTOC,36908000,36908000.0,Mayantoc,18.3
1773,MONCADA,36909000,36909000.0,Moncada,17.7
1774,PANIQUI,36910000,36910000.0,Paniqui,12.2
1775,PURA,36911000,36911000.0,Pura,15.9
1776,RAMOS,36912000,36912000.0,Ramos,15.0
1777,SAN CLEMENTE,36913000,36913000.0,San Clemente,14.2
1778,SAN JOSE,36918000,36918000.0,San Jose,18.3
1779,SAN MANUEL,36914000,36914000.0,San Manuel,16.7
1780,SANTA IGNACIA,36915000,36915000.0,Santa Ignacia,15.0
1781,TARLAC,36916000,36916000.0,Tarlac City,10.8
1782,VICTORIA,36917000,36917000.0,Victoria,18.9
1783,BONGAO,157002000,157002000.0,Bongao,22.0
1784,LANGUYAN,157009000,157009000.0,Languyan,22.1
1785,MAPUN,157003000,157003000.0,Mapun (Cagayan De Tawi-Tawi),27.6
1786,MAPUN,157003000,157003000.0,Mapun (Cagayan De Tawi-Tawi),27.6
1787,CAGAYAN DE TAWI-TAWI,157003000,157003000.0,Mapun (Cagayan De Tawi-Tawi),27.6
1788,CAGAYAN DE TAWI-TAWI,157003000,157003000.0,Mapun (Cagayan De Tawi-Tawi),27.6
1789,PANGLIMA SUGALA,157001000,157001000.0,Panglima Sugala (Balimbing),29.4
1790,PANGLIMA SUGALA,157001000,157001000.0,Panglima Sugala (Balimbing),29.4
1791,BALIMBING,157001000,157001000.0,Panglima Sugala (Balimbing),29.4
1792,BALIMBING,157001000,157001000.0,Panglima Sugala (Balimbing),29.4
1793,SAPA-SAPA,157010000,157010000.0,Sapa-Sapa,28.7
1794,SIBUTU,157011000,157011000.0,Sibutu,26.3
1795,SIMUNUL,157004000,157004000.0,Simunul,21.8
1796,SITANGKAI,157005000,157005000.0,Sitangkai,28.9
1797,SOUTH UBIAN,157006000,157006000.0,South Ubian,25.3
1798,TANDUBAS,157007000,157007000.0,Tandubas,26.0
1799,TURTLE ISLANDS,157008000,157008000.0,Turtle Islands,35.1
1800,BOTOLAN,37101000,37101000.0,Botolan,22.7
1801,CABANGAN,37102000,37102000.0,Cabangan,24.8
1802,CANDELARIA,37103000,37103000.0,Candelaria,20.5
1803,CASTILLEJOS,37104000,37104000.0,Castillejos,18.2
1804,IBA,37105000,37105000.0,Iba,16.8
1805,MASINLOC,37106000,37106000.0,Masinloc,20.9
1806,OLONGAPO,37107000,37107000.0,Olongapo City,11.6
1807,PALAUIG,37108000,37108000.0,Palauig,22.9
1808,SAN ANTONIO,37109000,37109000.0,San Antonio,15.9
1809,SAN FELIPE,37110000,37110000.0,San Felipe,16.7
1810,SAN MARCELINO,37111000,37111000.0,San Marcelino,15.2
1811,SAN NARCISO,37112000,37112000.0,San Narciso,13.5
1812,SANTA CRUZ,37113000,37113000.0,Santa Cruz,23.7
1813,SUBIC,37114000,37114000.0,Subic,18.9
1814,BALIGUIAN,97224000,97224000.0,Baliguian,55.3
1815,DAPITAN,97201000,97201000.0,Dapitan City,36.1
1816,DIPOLOG,97202000,97202000.0,Dipolog City,14.5
1817,GODOD,97225000,97225000.0,Godod,68.2
1818,GUTALAC,97223000,97223000.0,Gutalac,61.4
1819,JOSE DALMAN,97222000,97222000.0,Jose Dalman (Ponot),58.7
1820,JOSE DALMAN,97222000,97222000.0,Jose Dalman (Ponot),58.7
1821,PONOT,97222000,97222000.0,Jose Dalman (Ponot),58.7
1822,PONOT,97222000,97222000.0,Jose Dalman (Ponot),58.7
1823,KALAWIT,97227000,97227000.0,Kalawit,61.9
1824,KATIPUNAN,97203000,97203000.0,Katipunan,53.0
1825,LA LIBERTAD,97204000,97204000.0,La Libertad,49.0
1826,LABASON,97205000,97205000.0,Labason,43.7
1827,LEON B. POSTIGO,97226000,97226000.0,Bacungan (Leon T. Postigo),57.8
1828,LEON B. POSTIGO,97226000,97226000.0,Bacungan (Leon T. Postigo),57.8
1829,BACUNGAN,97226000,97226000.0,Bacungan (Leon T. Postigo),57.8
1830,BACUNGAN,97226000,97226000.0,Bacungan (Leon T. Postigo),57.8
1831,LILOY,97206000,97206000.0,Liloy,38.2
1832,MANUKAN,97207000,97207000.0,Manukan,53.4
1833,MUTIA,97208000,97208000.0,Mutia,50.0
1834,PIÑAN,97209000,97209000.0,Piñan,46.1
1835,PIÑAN,97209000,97209000.0,Piñan,46.1
1836,NEW PIÑAN,97209000,97209000.0,Piñan,46.1
1837,NEW PIÑAN,97209000,97209000.0,Piñan,46.1
1838,POLANCO,97210000,97210000.0,Polanco,40.5
1839,PRESIDENT MANUEL A. ROXAS,97211000,97211000.0,Pres. Manuel A. Roxas,57.9
1840,PRESIDENT MANUEL A. ROXAS,97211000,97211000.0,Pres. Manuel A. Roxas,57.9
1841,PRES. MANUEL A. ROXAS,97211000,97211000.0,Pres. Manuel A. Roxas,57.9
1842,PRES. MANUEL A. ROXAS,97211000,97211000.0,Pres. Manuel A. Roxas,57.9
1843,RIZAL,97212000,97212000.0,Rizal,36.5
1844,SALUG,97213000,97213000.0,Salug,49.7
1845,SERGIO OSMEÑA SR.,97214000,97214000.0,Sergio Osmeña Sr.,67.9
1846,SIAYAN,97215000,97215000.0,Siayan,68.4
1847,SIBUCO,97216000,97216000.0,Sibuco,67.1
1848,SIBUTAD,97217000,97217000.0,Sibutad,40.8
1849,SINDANGAN,97218000,97218000.0,Sindangan,48.4
1850,SIOCON,97219000,97219000.0,Siocon,48.2
1851,SIRAWAI,97220000,97220000.0,Sirawai,54.4
1852,TAMPILISAN,97221000,97221000.0,Tampilisan,50.2
1853,AURORA,97302000,97302000.0,Aurora,34.6
1854,BAYOG,97303000,97303000.0,Bayog,47.8
1855,DIMATALING,97305000,97305000.0,Dimataling,48.9
1856,DINAS,97306000,97306000.0,Dinas,46.9
1857,DUMALINAO,97307000,97307000.0,Dumalinao,43.1
1858,DUMINGAG,97308000,97308000.0,Dumingag,48.3
1859,GUIPOS,97343000,97343000.0,Guipos,42.5
1860,JOSEFINA,97337000,97337000.0,Josefina,41.2
1861,KUMALARANG,97311000,97311000.0,Kumalarang,46.0
1862,LABANGAN,97312000,97312000.0,Labangan,33.6
1863,LAKEWOOD,97333000,97333000.0,Lakewood,51.0
1864,LAPUYAN,97313000,97313000.0,Lapuyan,53.1
1865,MAHAYAG,97315000,97315000.0,Mahayag,40.6
1866,MARGOSATUBIG,97317000,97317000.0,Margosatubig,31.1
1867,MIDSALIP,97318000,97318000.0,Midsalip,55.1
1868,MOLAVE,97319000,97319000.0,Molave,29.3
1869,PAGADIAN,97322000,97322000.0,Pagadian City,20.5
1870,PITOGO,97338000,97338000.0,Pitogo,43.6
1871,RAMON MAGSAYSAY,97323000,97323000.0,Ramon Magsaysay,37.4
1872,RAMON MAGSAYSAY,97323000,97323000.0,Ramon Magsaysay,37.4
1873,LIARGO,97323000,97323000.0,Ramon Magsaysay,37.4
1874,LIARGO,97323000,97323000.0,Ramon Magsaysay,37.4
1875,SAN MIGUEL,97324000,97324000.0,San Miguel,43.0
1876,SAN PABLO,97325000,97325000.0,San Pablo,52.9
1877,SOMINOT,97340000,97340000.0,Sominot,49.4
1878,SOMINOT,97340000,97340000.0,Sominot,49.4
1879,DON MARIANO MARCOS,97340000,97340000.0,Sominot,49.4
1880,DON MARIANO MARCOS,97340000,97340000.0,Sominot,49.4
1881,TABINA,97327000,97327000.0,Tabina,42.7
1882,TAMBULIG,97328000,97328000.0,Tambulig,39.0
1883,TIGBAO,97344000,97344000.0,Tigbao,44.5
1884,TUKURAN,97330000,97330000.0,Tukuran,38.8
1885,VINCENZO A. SAGUN,97341000,97341000.0,Vincenzo A. Sagun,45.5
1886,ZAMBOANGA,97332000,97332000.0,Zamboanga City,17.3
1887,ALICIA,98301000,98301000.0,Alicia,51.3
1888,BUUG,98302000,98302000.0,Buug,38.9
1889,DIPLAHAN,98303000,98303000.0,Diplahan,36.5
1890,IMELDA,98304000,98304000.0,Imelda,37.8
1891,IPIL,98305000,98305000.0,Ipil,23.2
1892,KABASALAN,98306000,98306000.0,Kabasalan,41.5
1893,MABUHAY,98307000,98307000.0,Mabuhay,59.1
1894,MALANGAS,98308000,98308000.0,Malangas,36.4
1895,NAGA,98309000,98309000.0,Naga,41.6
1896,OLUTANGA,98310000,98310000.0,Olutanga,49.4
1897,PAYAO,98311000,98311000.0,Payao,57.3
1898,ROSELLER LIM,98312000,98312000.0,Roseller Lim,45.5
1899,SIAY,98313000,98313000.0,Siay,46.2
1900,TALUSAN,98314000,98314000.0,Talusan,56.0
1901,TITAY,98315000,98315000.0,Titay,45.9
1902,TUNGAWAN,98316000,98316000.0,Tungawan,52.2
